职位,薪酬,城市,公司名称,公司类型,公司规模（人）,公司经营方向,发布日期
软件开发工程师,6-8千/月,鄂州,武汉赣鄂创新科技发展有限公司,民营公司,少于50人,计算机软件,08-15
医疗器械嵌入式软件工程师,1.5-2万/月,深圳-南山区,深圳市脉度科技有限公司,民营公司,少于50人,医疗设备/器械,08-15
软件开发工程师,5-9千/月,苏州-工业园区,神箭数码科技（苏州）有限公司,外资（非欧美）,少于50人,计算机软件,08-15
嵌入式软件工程师,1.8-2.6万/月,上海-普陀区,上海汉想新能源科技有限公司,民营公司,少于50人,新能源,08-15
ASP.NET 软件工程师,0.5-1万/月,广州-越秀区,广州仓实信息科技有限公司,民营公司,少于50人,计算机软件,08-15
嵌入式软件工程师,1-1.5万/月,天津-西青区,天津光电比特信息技术有限公司,民营公司,50-150人,电子技术/半导体/集成电路,08-15
软件开发工程师,0.8-2万/月,无锡-滨湖区,深圳市智佐生物科技有限公司无锡分公司,民营公司,50-150人,制药/生物工程,08-15
软件开发工程师,0.8-1.4万/月,天津-西青区,天津市栋天信息技术有限公司,民营公司,少于50人,计算机软件,08-15
软件工程师,0.9-1.2万/月,广州-黄埔区,广州印芯半导体技术有限公司,外资（非欧美）,少于50人,电子技术/半导体/集成电路,08-15
软件工程师(入职五险+周末双休),1-1.5万/月,合肥-包河区,安徽国芯智能装备有限公司,民营公司,少于50人,电子技术/半导体/集成电路,08-15
软件工程师--上海/深圳,1-1.5万/月,上海-徐汇区,安立通讯科技（上海）有限公司,外资（非欧美）,150-500人,通信/电信运营、增值服务,08-15
嵌入式软件工程师（智能穿戴）,1.5-2万/月,深圳,深圳市奋达科技股份有限公司,上市公司,5000-10000人,电子技术/半导体/集成电路,08-15
软件工程师,1-1.5万/月,广州,广州鹏林照明灯具有限公司,民营公司,150-500人,电子技术/半导体/集成电路,08-15
JAVA高级软件工程师/高级JAVA软件工程师,1-1.5万/月,上海-徐汇区,上海千波信息科技有限公司,民营公司,少于50人,计算机软件,08-15
JAVA软件开发工程师（金融）,5-8千/月,天津-和平区,天津卓信软件开发有限公司,合资,50-150人,计算机软件,08-15
嵌入式软件工程师,0.6-1.4万/月,常州,常州市优策电子科技有限公司,民营公司,少于50人,仪器仪表/工业自动化,08-15
应用软件工程师,0.8-1.6万/月,青岛-黄岛区,青岛中加特电气股份有限公司,民营公司,150-500人,机械/设备/重工,08-15
嵌入式软件工程师,0.7-1万/月,长沙-雨花区,湖南驰众机器人有限公司,民营公司,50-150人,机械/设备/重工,08-15
嵌入式软件工程师,30-40万/年,南京,南京奥联汽车电子电器股份有限公司,上市公司,500-1000人,汽车,08-15
嵌入式软件工程师,1-2万/月,上海-浦东新区,原极（上海）科技有限公司,民营公司,少于50人,仪器仪表/工业自动化,08-15
C/C++软件工程师,0.8-1.5万/月,上海-徐汇区,上海莫吉娜智能信息科技有限公司,民营公司,少于50人,电子技术/半导体/集成电路,08-15
高级对日软件开发工程师,1-1.5万/月,昆山,海隆软件（昆山）有限公司,上市公司,500-1000人,计算机软件,08-15
软件工程师,0.8-1万/月,上海-闵行区,上海感拓智能科技有限公司,民营公司,少于50人,电子技术/半导体/集成电路,08-15
软件开发工程师（车身电子）,0.7-1.3万/月,重庆,联合汽车电子（重庆）有限公司,合资,150-500人,机械/设备/重工,08-15
002嵌入式软件工程师,2-3万/月,杭州,杭州方千科技有限公司,民营公司,,互联网/电子商务,08-15
002软件开发工程师（C++/Java),2-2.5万/月,杭州,光原科技(杭州)有限公司,民营公司,,互联网/电子商务,08-15
嵌入式软件工程师,1.5-3.5万/月,杭州,浙江北信源信息技术有限公司,民营公司,,互联网/电子商务,08-15
嵌入式软件工程师,3-4.5千/月,新乡,驼人控股集团有限公司,民营公司,5000-10000人,医疗设备/器械,08-15
软件工程师 双休 五险一金,1-2万/月,深圳,深圳市十方微电子有限公司,政府机关,,电子技术/半导体/集成电路,08-15
嵌入式软件工程师,1-2万/月,深圳,深圳硅山技术有限公司,民营公司,,汽车,08-15
软件工程师,6-8千/月,南京,南京溧水电子研究所有限公司,民营公司,,机械/设备/重工,08-15
高级软件工程师（机器视觉/C++）,1.5-3万/月,沈阳,沈阳睿维人力资源管理有限公司,民营公司,,专业服务(咨询、人力资源、财会),08-15
C+软件工程师,6-8千/月,沈阳,尚良仲毅（沈阳）高新科技有限公司,民营公司,,航天/航空,08-15
软件工程师,1-1.5万/月,深圳,奥宝电子（深圳）有限公司,外资（欧美）,,电子技术/半导体/集成电路,08-15
Android软件开发工程师,1.5-2万/月,深圳,深圳市民德电子科技股份有限公司,上市公司,,电子技术/半导体/集成电路,08-15
软件工程师,1.5-3万/月,深圳,元化智能科技（深圳）有限公司,外资（非欧美）,,医疗设备/器械,08-15
软件工程师（企业）（市级目录）,6-8千/月,安徽省,界首市#安徽科杰粮保仓储设备有限公司,民营公司,,贸易/进出口,08-15
嵌入式软件开发工程师,6-8千/月,合肥,华霆（合肥）动力技术有限公司,民营公司,,汽车零配件,08-15
嵌入式软件工程师（企业）（市级目录）,1-1.5万/月,安徽省,临泉县#安徽皖宏电气股份有限公司,民营公司,,机械/设备/重工,08-15
软件开发工程师（企业）（市级目录）,1.5-2万/月,安徽省,阜南县#安徽慧瞳智能科技有限公司,民营公司,,电子技术/半导体/集成电路,08-15
嵌入式软件工程师,1-1.5万/月,宁波,宁波爱氪森科技有限公司,民营公司,,仪器仪表/工业自动化,08-15
002助理软件工程师,4.5-6千/月,宁波,宁波道充科技有限公司,民营公司,,电子技术/半导体/集成电路,08-15
助理软件工程师,0.8-1万/月,宁波,宁波欣达（集团）有限公司,民营公司,,机械/设备/重工,08-15
上位机软件开发工程师,1.2-1.5万/月,宁波,宁波市圻骏科技发展有限公司,民营公司,,计算机软件,08-15
软件开发工程师（杭州）,1-1.5万/月,杭州,宁波龙泰医疗科技有限公司,民营公司,,医疗/护理/卫生,08-15
005软件开发工程师（社招）,0.8-1万/月,宁波,中哲控股集团有限公司,合资,,多元化业务集团公司,08-15
软件开发工程师,7-9千/月,昆山,纬创资通（昆山）有限公司,民营公司,,电子技术/半导体/集成电路,08-15
软件开发工程师（对日）社招（常州）,0.4-1.2万/月,常州,苏州工业园区凌志软件如皋有限公司,国企,,政府/公共事业,08-15
软件工程师,5-7千/月,南通,江苏神通阀门股份有限公司,政府机关,,政府/公共事业,08-15
软件工程师,0.8-1.2万/月,南通,江苏尚飞光电科技股份有限公司,国企,,政府/公共事业,08-15
002嵌入式软件工程师,1-1.5万/月,大连,大连罗宾森电源设备有限公司,民营公司,,机械/设备/重工,08-15
软件工程师（上位机）（东莞）,1-2.5万/月,东莞,优利德科技（中国）股份有限公司,民营公司,,贸易/进出口,08-15
003软件工程师（PC）（深圳）,1-1.5万/月,深圳,东莞市德镌精密设备有限公司,民营公司,,机械/设备/重工,08-15
C＃软件工程师,1-1.5万/月,东莞,东莞市找大状互联网技术有限公司,民营公司,,计算机软件,08-15
001 .NET软件开发工程师,1-1.5万/月,东莞,东莞均维信息科技有限公司,民营公司,,计算机软件,08-15
软件工程师,6-8千/月,大连,埃森哲信息技术（大连）有限公司,外资（欧美）,,专业服务(咨询、人力资源、财会),08-15
软件工程师,0.8-1万/月,大连,新源动力股份有限公司,上市公司,,新能源,08-15
C软件开发工程师,6-8千/月,大连,大连美恒电气有限公司,合资,,仪器仪表/工业自动化,08-15
软件开发工程师,1-1.5万/月,嘉兴,嘉兴常远信息科技有限公司,民营公司,,计算机软件,08-15
002软件工程师,1-2万/月,苏州,苏州精濑光电有限公司,事业单位,,政府/公共事业,08-15
002软件工程师,0.9-2万/月,苏州,苏州市运泰利自动化设备有限公司,事业单位,,政府/公共事业,08-15
002软件工程师,1-2万/月,苏州,科韵激光科技有限公司,事业单位,,政府/公共事业,08-15
002BMS底层软件开发工程师,1-1.5万/月,苏州,度普（苏州）新能源科技有限公司,事业单位,,政府/公共事业,08-15
002嵌入式软件工程师,1.5-2.5万/月,苏州,科沃斯机器人科技有限公司,事业单位,,政府/公共事业,08-15
002软件工程师,1-1.5万/月,苏州,苏州贝爱特自动化科技有限公司,事业单位,,政府/公共事业,08-15
002软件工程师,1-2万/月,苏州,苏州伟创电气科技股份有限公司,事业单位,,政府/公共事业,08-15
002软件工程师,0.8-1.5万/月,苏州,乐开科技（苏州）有限公司,事业单位,,政府/公共事业,08-15
002伺服软件工程师,0.8-1.2万/月,苏州,苏州灵猴机器人有限公司,事业单位,,政府/公共事业,08-15
002软件工程师,1.2-3万/月,苏州,追创科技（苏州）有限公司,事业单位,,政府/公共事业,08-15
002软件工程师,1-1.5万/月,苏州,江苏芯梦半导体设备有限公司,事业单位,,政府/公共事业,08-15
002软件开发工程师,1-1.5万/月,苏州,江苏盖睿健康科技有限公司,事业单位,,政府/公共事业,08-15
002软件工程师,2.5-3万/月,上海,炬佑智能科技（苏州）有限公司,事业单位,,政府/公共事业,08-15
002软件工程师,1-2万/月,苏州,苏州赛腾菱欧智能科技有限公司,事业单位,,政府/公共事业,08-15
002软件工程师,1-2万/月,苏州,江苏阳铭互联智能系统有限公司,事业单位,,政府/公共事业,08-15
软件工程师（武汉）,0.8-1.5万/月,武汉,新源动力股份有限公司,民营公司,,电气/电力/水利,08-15
软件工程师,6-8千/月,大连,大连北方互感器集团有限公司,民营公司,,机械/设备/重工,08-15
嵌入式软件工程师,0.8-1万/月,杭州,杭州芯声智能科技有限公司,民营公司,,电子技术/半导体/集成电路,08-15
高级软件工程师,1.5-2万/月,杭州,杭州启飞智能科技有限公司,民营公司,,计算机硬件,08-15
软件工程师,0.8-1万/月,杭州,杭州泛利科技有限公司,外资（欧美）,,电子技术/半导体/集成电路,08-15
高级软件工程师,2-2.5万/月,杭州,杭州高特电子设备股份有限公司,民营公司,,电子技术/半导体/集成电路,08-15
软件工程师,2-2.5万/月,杭州,普识和康（杭州）科技有限公司,民营公司,,医疗设备/器械,08-15
嵌入式软件工程师（下位机）,1-1.5万/月,杭州,杭州奥泰生物技术股份有限公司,民营公司,,制药/生物工程,08-15
软件工程师,1-1.5万/月,南宁,南宁双汇食品有限公司,民营公司,,快速消费品(食品、饮料、化妆品),08-15
C/C++软件工程师,0.7-1.3万/月,上海,上海波汇科技有限公司,民营公司,,通信/电信/网络设备,08-15
高级软件工程师,2-2.5万/月,上海,中建材凯盛机器人(上海)有限公司,民营公司,,计算机软件,08-15
.NET软件开发工程师,1.5-2.5万/月,上海,韦乐海茨（上海）医药设备科技有限公司,合资,,医疗设备/器械,08-15
上位机软件工程师,1.5-2.5万/月,上海,上海迪探节能科技有限公司,民营公司,,房地产,08-15
嵌入式平台软件开发工程师,1.8-3.3万/月,上海,上海宏力达信息技术股份有限公司,民营公司,,计算机软件,08-15
软件工程师,1-3万/月,上海,上海天沐自动化仪表有限公司,民营公司,,仪器仪表/工业自动化,08-15
软件工程师,1.5-2.5万/月,上海,上海欧颖实验设备有限公司,民营公司,,仪器仪表/工业自动化,08-15
C语言软件开发工程师,1-1.5万/月,上海,上海杰隹萍加邢薰司,民营公司,,互联网/电子商务,08-15
嵌入式软件工程师,1-1.5万/月,上海,上海华铭智能终端设备股份有限公司,民营公司,,建筑/建材/工程,08-15
雷达软件开发工程师（ADAS）,1.5-2.5万/月,上海,上海保隆汽车科技股份有限公司,民营公司,,汽车,08-15
软件开发工程师,1.5-2万/月,上海,舞川环境科技（上海）有限公司,民营公司,,环保,08-15
嵌入式软件开发工程师（不外包）,1-1.5万/月,苏州-高新区,广州市鼎徽商务服务有限责任公司,民营公司,150-500人,计算机软件,08-15
国金证券国金道富-Java软件工程师（上海）(J13764),1.5-2万/月,上海,国金证券股份有限公司,民营公司,1000-5000人,金融/投资/证券,08-15
中国外运科创中心---软件工程师,1-1.7万/月,深圳-福田区,中国外运（香港）物流有限公司,合资,150-500人,交通/运输/物流,08-15
嵌入式软件工程师,1-1.5万/月,深圳-龙华区,深圳市金文通电子有限公司,民营公司,150-500人,电子技术/半导体/集成电路,08-15
软件工程师,6-8千/月,漳州,福建福欣特殊钢有限公司,合资,1000-5000人,原材料和加工,08-15
java软件工程师,6-8千/月,西安,北京智信远景软件技术有限公司,民营公司,少于50人,计算机软件,08-15
Java软件工程师,4.5-9千/月,南京,上海盖讯信息技术有限公司,民营公司,50-150人,计算机软件,08-15
软件工程师,5-7千/月,楚雄,宇泽半导体（云南）有限公司,民营公司,1000-5000人,电子技术/半导体/集成电路,08-15
嵌入式软件开发工程师-电机驱动方向,0.7-1.5万/月,常州-新北区,三通（常州）电子科技有限公司,外资（欧美）,50-150人,电子技术/半导体/集成电路,08-15
软件开发工程师,10-15万/年,无锡-梁溪区,用友网络科技股份有限公司无锡分公司,民营公司,50-150人,计算机软件,08-15
嵌入式软件工程师,1.5-4万/月,北京-昌平区,上海欣影电力科技股份有限公司,上市公司,50-150人,电气/电力/水利,08-15
下位机软件工程师,0.8-1.5万/月,宁波,宁波拜特测控技术股份有限公司,上市公司,150-500人,电子技术/半导体/集成电路,08-15
.net软件工程师（五险+双休）,0.5-1.2万/月,昆明-五华区,昆明伏沃德科技有限公司,民营公司,少于50人,计算机软件,08-15
(ERP)软件工程师,6-8千/月,东莞,东莞联茂电子科技有限公司,外资（非欧美）,500-1000人,电子技术/半导体/集成电路,08-15
高级软件工程师,1.5-2万/月,深圳-龙华区,深圳市芬能自动化设备有限公司,民营公司,150-500人,仪器仪表/工业自动化,08-15
嵌入式软件工程师,1-1.4万/月,南京-江宁区,南京晓飞智能科技有限公司,民营公司,少于50人,航天/航空,08-15
软件工程师(VC/C++/自动化/激光/设备),1.3-2.5万/月,深圳,深圳市海目星激光智能装备股份有限公司,上市公司,1000-5000人,仪器仪表/工业自动化,08-15
嵌入式软件工程师,1-1.5万/月,常州-武进区,江苏今创交通设备有限公司,上市公司,,机械/设备/重工,08-15
嵌入式软件工程师,1-1.5万/月,广州,广东纽脉电器有限公司,民营公司,50-150人,通信/电信/网络设备,08-15
嵌入式软件工程师,0.8-1.6万/月,东莞-虎门镇,东莞市晟鼎精密仪器有限公司,民营公司,50-150人,仪器仪表/工业自动化,08-15
软件开发工程师,4.5-6千/月,深圳-龙岗区,深圳市博佳通科技有限公司,民营公司,50-150人,计算机软件,08-15
Java软件工程师实习生,4-6千/月,上海-宝山区,上海理泊软件科技有限公司,民营公司,50-150人,计算机软件,08-15
软件开发工程师（java/C/C++/单片机/安卓应用/jni）,0.7-1万/月,佛山,广东天波信息技术股份有限公司,民营公司,500-1000人,通信/电信/网络设备,08-15
电子软件工程师,1-1.5万/月,佛山-顺德区,广东摩法电子商务有限公司,民营公司,50-150人,互联网/电子商务,08-15
嵌入式软件工程师(MCU),1-1.5万/月,成都-武侯区,成都魅居科技有限公司,民营公司,少于50人,计算机软件,08-15
高级软件工程师,20-35万/年,佛山,恒洁集团,民营公司,1000-5000人,建筑/建材/工程,08-15
IT软件开发工程师,0.9-1.3万/月,佛山-顺德区,佛山市顺德区冠宇达电源有限公司,民营公司,500-1000人,电子技术/半导体/集成电路,08-15
软件开发工程师,,青岛,集团运营生态圈,民营公司,10000人以上,多元化业务集团公司,08-15
嵌入式软件工程师,1-1.5万/月,宁波-奉化区,宁波安创电子科技有限公司,民营公司,50-150人,汽车,08-15
PHP高级软件工程师,0.8-1万/月,武汉-洪山区,武汉清石装饰工程有限公司,民营公司,50-150人,家居/室内设计/装潢,08-15
软件工程师,1.8-3.5万/月,北京-大兴区,北京华信佳音医疗科技发展有限责任公司,民营公司,少于50人,计算机软件,08-15
嵌入式软件工程师（师徒制，有宿舍 ）,1-2万/月,深圳-宝安区,深圳市光钛科技有限公司,民营公司,少于50人,电子技术/半导体/集成电路,08-15
Software Engineer 软件工程师,,济南,沃尔沃遍达（上海）动力系统有限公司,外资（欧美）,50-150人,机械/设备/重工,08-15
嵌入式软件工程师,0.7-1.5万/月,深圳-宝安区,深圳市蓝蜂时代实业有限公司,民营公司,50-150人,电子技术/半导体/集成电路,08-15
软件开发工程师,1-1.5万/月,深圳-宝安区,深圳市易天自动化设备股份有限公司,上市公司,500-1000人,机械/设备/重工,08-15
软件工程师,6-8千/月,东莞-虎门镇,东莞市民迪玩具实业有限公司,民营公司,50-150人,家具/家电/玩具/礼品,08-15
软件开发工程师,5-8千/月,佛山-顺德区,佛山市顺德区顺达电脑厂有限公司,外资（非欧美）,1000-5000人,电子技术/半导体/集成电路,08-15
嵌入式软件工程师,0.7-1万/月,泸州,明德亨电子,民营公司,50-150人,电子技术/半导体/集成电路,08-15
物联网高级软件工程师,1.2-1.8万/月,长沙,湖南新亚泰科技有限公司,民营公司,50-150人,通信/电信运营、增值服务,08-15
高级嵌入式软件开发工程师,2-3万/月,深圳-宝安区,深圳富士伟业科技有限公司,民营公司,150-500人,仪器仪表/工业自动化,08-15
C++/QT软件工程师,0.5-1万/月,武汉-江岸区,武汉奥森迪科智能科技股份有限公司,民营公司,50-150人,仪器仪表/工业自动化,08-15
软件工程师（java方向）,0.8-1.6万/月,昆山,苏州卓曜智能科技有限公司,民营公司,少于50人,机械/设备/重工,08-15
U3D软件开发工程师（急招）,0.8-1万/月,南京-浦口区,南京机智云修信息科技有限公司,民营公司,少于50人,计算机软件,08-15
应用软件开发工程师,1-2万/月,苏州-工业园区,苏州壹达生物科技有限公司,民营公司,少于50人,制药/生物工程,08-15
软件工程师（数据开发）,0.8-1.5万/月,厦门-海沧区,厦门优迈科医学仪器有限公司,合资,50-150人,医疗设备/器械,08-15
软件工程师,1.4-2.1万/月,深圳,深圳越为科技有限公司,民营公司,,计算机软件,08-15
软件工程师,6-8千/月,深圳,微瞳科技（深圳）有限公司,民营公司,,计算机软件,08-15
嵌入式软件工程师,1-1.5万/月,深圳,深圳市骏嘉科技发展有限公司,民营公司,,电子技术/半导体/集成电路,08-15
嵌入式软件开发工程师,2-2.5万/月,深圳,深圳优途智行科技有限公司,外资（欧美）,,互联网/电子商务,08-15
windows c++软件工程师,2.5-3万/月,北京-海淀区,北京隆欣商贸有限公司,民营公司,50-150人,贸易/进出口,08-15
IPC软件开发工程师,1.5-2万/月,深圳,深圳市微网力合信息技术有限公司,民营公司,,通信/电信/网络设备,08-15
002软件工程师,0.5-1万/月,苏州,苏州三友慧信息技术有限公司,民营公司,,电子技术/半导体/集成电路,08-15
软件工程师（社招）,1-1.5万/月,南通,江苏铁军软件科技有限公司,民营公司,,机械/设备/重工,08-15
嵌入式软件工程师,0.8-1.5万/月,常州,常州市盛和电子有限公司,民营公司,50-150人,机械/设备/重工,08-15
产品开发软件工程师,0.5-1万/月,上海,上海东铁五金有限公司,外资（非欧美）,,建筑/建材/工程,08-15
单片机（MCU）软件工程师,1-2万/月,深圳-宝安区,深圳市塞格瑞特电子有限公司,民营公司,少于50人,电子技术/半导体/集成电路,08-15
C++软件工程师,1.5-2万/月,深圳,深圳市中图仪器股份有限公司,民营公司,,仪器仪表/工业自动化,08-15
C++软件工程师,1.5-2万/月,上海,中仿智能科技（上海）股份有限公司,民营公司,,计算机软件,08-15
软件开发工程师,1-1.5万/月,上海,上海健麾信息技术股份有限公司,民营公司,,计算机软件,08-15
设备软件工程师,1.5-2万/月,上海,理想晶延半导体设备（上海）有限公司,合资,,电子技术/半导体/集成电路,08-15
软件工程师,3-4万/月,上海,齐亚斯（上海）物联网科技有限公司,政府机关,,政府/公共事业,08-15
软件工程师,1-2万/月,无锡,中船海洋探测技术研究院有限公司,国企,50-150人,学术/科研,08-15
高级嵌入式软件工程师,2-2.5万/月,杭州-萧山区,安杰莱科技（杭州）有限公司,合资,少于50人,医疗设备/器械,08-15
软件工程师,15-20万/年,深圳-宝安区,深圳市欧凌镭射科技有限公司,民营公司,50-150人,机械/设备/重工,08-15
蓝牙软件工程师,1.5-2.5万/月,深圳-南山区,深圳市沃尔星科技有限公司,民营公司,少于50人,贸易/进出口,08-15
视觉软件开发工程师,1-2万/月,东莞,东莞市欧特自动化技术有限公司,民营公司,50-150人,仪器仪表/工业自动化,08-15
嵌入式软件工程师,0.5-1万/月,广州,广州市安贝电子有限公司,民营公司,50-150人,电子技术/半导体/集成电路,08-15
嵌入式软件工程师（信号处理）,1.5-3万/月,长沙-岳麓区,湖南北云科技有限公司,民营公司,50-150人,计算机软件,08-15
电机驱动算法软件工程师,1.5-2.5万/月,佛山-顺德区,美的集团家用空调事业部,民营公司,10000人以上,家具/家电/玩具/礼品,08-15
软件工程师五险一金双休,4-6千/月,长春-二道区,吉林省鑫睿互联网络信息技术有限公司,民营公司,少于50人,通信/电信运营、增值服务,08-15
中高级QT软件工程师,0.8-1.5万/月,广州-花都区,广州达森灯光股份有限公司,民营公司,150-500人,电子技术/半导体/集成电路,08-15
C#软件开发工程师,0.8-1.5万/月,苏州-相城区,苏州帮和智迅信息科技有限公司,民营公司,少于50人,计算机软件,08-15
嵌入式软件工程师,1.5-2万/月,苏州,苏州万瑞达电气有限公司,民营公司,50-150人,仪器仪表/工业自动化,08-15
嵌入式软件工程师,0.8-1万/月,上海-浦东新区,上海智驱智能科技有限公司,民营公司,少于50人,电子技术/半导体/集成电路,08-15
嵌入式软件工程师,10-18万/年,深圳-宝安区,深圳新智联软件有限公司,民营公司,50-150人,计算机软件,08-15
BMS软件工程师,1.8-2.5万/月,广州-黄埔区,广州驰铭电子有限公司,民营公司,150-500人,电子技术/半导体/集成电路,08-15
量化软件工程师,2.5-3万/月,青岛-市南区,青岛嘉宏财富资产管理有限公司,民营公司,少于50人,金融/投资/证券,08-15
视觉软件工程师,1-1.8万/月,深圳-宝安区,深圳信仪测控技术有限公司,民营公司,50-150人,仪器仪表/工业自动化,08-15
嵌入式软件开发工程师（蓝牙语音）,1-1.5万/月,深圳-龙岗区,深圳市矽昊智能科技有限公司,民营公司,50-150人,电子技术/半导体/集成电路,08-15
电子软件工程师（新能源汽车）,1.5-2万/月,上海-闵行区,上海飞龙新能源汽车部件有限公司,民营公司,50-150人,汽车,08-15
Java软件开发工程师,0.8-1.3万/月,深圳-龙华区,深圳市理德铭科技股份有限公司,民营公司,150-500人,互联网/电子商务,08-15
软件开发工程师,0.8-1万/月,昆山,鼎镁（昆山）新材料科技有限公司,外资（非欧美）,1000-5000人,机械/设备/重工,08-15
嵌入式软件工程师,0.6-1.2万/月,深圳-南山区,华瑞N电子（深圳）有限公司,外资（欧美）,50-150人,电子技术/半导体/集成电路,08-15
软件工程师,1-1.8万/月,深圳-光明区,深圳市欣博跃电子有限公司,外资（非欧美）,500-1000人,电子技术/半导体/集成电路,08-15
DCS软件工程师,1-1.5万/月,常州-金坛区,江苏金旺智能科技有限公司,民营公司,500-1000人,机械/设备/重工,08-15
助理软件工程师,4.5-6千/月,东莞-万江区,东莞市华盾电子科技有限公司,民营公司,少于50人,电子技术/半导体/集成电路,08-15
java 软件工程师,1-1.2万/月,嘉兴,嘉兴凯实生物科技有限公司,民营公司,150-500人,医疗设备/器械,08-15
软件开发工程师,1-2万/月,西安-高新技术产业开发区,北京爱学思技术有限公司,民营公司,少于50人,计算机软件,08-15
嵌入式软件工程师,1-1.5万/月,长沙-雨花区,湖南菲尔斯特传感器有限公司,民营公司,150-500人,仪器仪表/工业自动化,08-15
软件工程师,1.2-3万/月,深圳-龙华区,声索集团,民营公司,150-500人,电子技术/半导体/集成电路,08-15
pb软件开发工程师,1-1.5万/月,深圳-福田区,深圳市海德泰格软件技术有限公司,民营公司,50-150人,计算机软件,08-15
软件工程师,1-1.6万/月,广州-黄埔区,广州广华深启科技有限责任公司,创业公司,少于50人,医疗设备/器械,08-15
软件工程师,0.5-1万/月,肇庆,广东嘉仪仪器集团有限公司,民营公司,50-150人,仪器仪表/工业自动化,08-15
软件工程师(Android framework),0.8-1.5万/月,武汉-东湖新技术产业开发区,深圳市慧为智能科技股份有限公司,上市公司,150-500人,计算机硬件,08-15
C++/python 软件工程师,1.5-2万/月,海口-琼山区,蓝水投资管理（宁波）有限公司,民营公司,少于50人,计算机软件,08-15
MCU软件工程师,1.3-2.5万/月,深圳-福田区,深圳市华威信达科技有限公司,民营公司,少于50人,电子技术/半导体/集成电路,08-15
嵌入式软件工程师,1-1.5万/月,深圳-宝安区,深圳市比心通信有限公司,民营公司,50-150人,计算机软件,08-15
软件开发工程师,18-30万/年,常州,常州联力自动化科技有限公司,民营公司,150-500人,仪器仪表/工业自动化,08-15
嵌入式软件工程师,7-9千/月,深圳-宝安区,深圳市德安里科技有限公司,民营公司,50-150人,家具/家电/玩具/礼品,08-15
电子软件工程师,15-25万/年,宁波,宁波汉浦集团有限公司,合资,500-1000人,家具/家电/玩具/礼品,08-15
QT软件工程师,0.8-1万/月,深圳,深圳阿珂法先进科技有限公司,民营公司,50-150人,仪器仪表/工业自动化,08-15
PC软件工程师,0.8-1万/月,南京,南京华士电子科技有限公司,民营公司,150-500人,电子技术/半导体/集成电路,08-15
底层软件工程师,1-1.5万/月,宁波,宁波赛福汽车制动有限公司,民营公司,50-150人,汽车,08-15
软件工程师,1-1.5万/月,台州-温岭市,浙江壹云云计算有限公司,创业公司,少于50人,计算机软件,08-15
C++软件开发工程师,30-50万/年,上海-嘉定区,上海樵弋机器人科技有限公司,创业公司,少于50人,电子技术/半导体/集成电路,08-15
软件工程师（包吃住/单身公寓）,12-60万/年,宁波-宁海县,宁波能芯电子有限公司,民营公司,150-500人,电子技术/半导体/集成电路,08-15
软件工程师,0.5-1万/月,上海-闵行区,上海安艾缇智能科技有限公司,民营公司,少于50人,电子技术/半导体/集成电路,08-15
嵌入式软件工程师,1-1.5万/月,广州-天河区,广州市菱朗电子科技有限公司,民营公司,150-500人,电子技术/半导体/集成电路,08-15
嵌入式软件工程师,1-1.5万/月,无锡-惠山区,安特速（江苏）医疗科技有限公司,外资（非欧美）,50-150人,医疗设备/器械,08-15
五金-嵌入式软件开发工程师,1.5-2万/月,中山,广东顶固集创家居股份有限公司,上市公司,1000-5000人,家居/室内设计/装潢,08-15
嵌入式软件工程师（急招）,1.5-2.5万/月,深圳-龙华区,深圳市大恒物联技术有限公司,民营公司,少于50人,仪器仪表/工业自动化,08-15
软件开发工程师,1.5-2万/月,上海-浦东新区,上海鑫测信息技术有限公司,民营公司,少于50人,计算机软件,08-15
软件工程师,2-2.5万/月,上海-松江区,上海博强微电子有限公司,上市公司,150-500人,电子技术/半导体/集成电路,08-15
软件工程师,1-1.5万/月,南京-江宁区,南京久驰机电实业有限公司,外资（非欧美）,150-500人,机械/设备/重工,08-15
软件工程师,1.5-2万/月,苏州-吴中区,苏州茂特斯自动化设备有限公司,民营公司,150-500人,仪器仪表/工业自动化,08-15
嵌入式软件工程师,1-1.5万/月,无锡-无锡新区,无锡灵龙芯物联网科技有限公司,创业公司,少于50人,电子技术/半导体/集成电路,08-15
软件工程师嵌入式,0.6-1.5万/月,武汉-洪山区,武汉莱斯特电子科技有限公司,民营公司,少于50人,电子技术/半导体/集成电路,08-15
高级嵌入式软件开发工程师,1.2-2万/月,杭州-西湖区,杭州势垒科技有限公司,民营公司,少于50人,电子技术/半导体/集成电路,08-15
嵌入式linux软件工程师,1-2万/月,泉州,泉州巨晖电子有限公司,民营公司,50-150人,电子技术/半导体/集成电路,08-15
Modem软件开发工程师,0.8-3万/月,上海-闵行区,塔上半导体（上海）有限公司,创业公司,少于50人,电子技术/半导体/集成电路,08-15
嵌入式软件工程师,0.8-1万/月,南京-浦口区,南京微麦科斯电子科技有限责任公司,民营公司,少于50人,电子技术/半导体/集成电路,08-15
C++ 软件开发工程师 ( 上位机）,10-20万/年,上海-闵行区,上海太阳生物技术有限公司,民营公司,150-500人,医疗设备/器械,08-15
嵌入式软件工程师,4-8千/月,成都-郫都区,成都网感科技有限公司,民营公司,少于50人,仪器仪表/工业自动化,08-15
软件工程师,0.6-1.5万/月,苏州-吴中区,苏州西山中科药物研究开发有限公司,国企,150-500人,制药/生物工程,08-15
php工程师，软件开发工程师,1-2万/月,杭州-拱墅区,杭州松美智能科技有限公司,民营公司,50-150人,电子技术/半导体/集成电路,08-15
Android Framework软件工程师,2-4万/月,上海-徐汇区,上海卓易科技股份有限公司,上市公司,150-500人,互联网/电子商务,08-15
嵌入式软件工程师,0.8-1.5万/月,北京-海淀区,赤松城（北京）科技有限公司,民营公司,少于50人,电子技术/半导体/集成电路,08-15
软件工程师,1.5-2万/月,昆山,苏州河图电子科技有限公司,民营公司,少于50人,仪器仪表/工业自动化,08-15
JAVA高级软件工程师,12-30万/年,杭州-西湖区,杭州普源软件有限公司,民营公司,少于50人,计算机软件,08-15
软件工程师,2.5-3万/月,南京-浦口区,南京长峰航天电子科技有限公司,国企,500-1000人,航天/航空,08-15
嵌入式软件工程师,0.8-1.4万/月,杭州-滨江区,杭州深渡科技有限公司,创业公司,少于50人,电子技术/半导体/集成电路,08-15
嵌入式软件工程师,1-1.5万/月,东莞-常平镇,东莞市鸿银睿电子科技有限公司,民营公司,少于50人,电子技术/半导体/集成电路,08-15
BSP-传感器软件工程师,2-4万/月,南京-建邺区,小米通讯技术有限公司,民营公司,10000人以上,通信/电信运营、增值服务,08-15
残疾人专入-软件工程师,1-1.5万/月,上海-浦东新区,渣打环球商业服务有限公司,外资（欧美）,1000-5000人,银行,08-15
软件工程师-APP开发,1.5-2万/月,深圳-南山区,霍尼韦尔（中国）有限公司,外资（欧美）,500-1000人,多元化业务集团公司,08-15
嵌入式软件工程师,6.5-9千/月,苏州,欧瑞康（中国）科技有限公司,外资（欧美）,150-500人,机械/设备/重工,08-15
应用层软件工程师,1-1.5万/月,南昌,江铃汽车股份有限公司,合资,10000人以上,汽车,08-15
软件开发工程师（JAVA/COBOL/C#/VB/C）,0.7-1万/月,西安-雁塔区,富士通（西安）系统工程有限公司,外资（非欧美）,1000-5000人,计算机软件,08-15
嵌入式软件工程师,1.5-2.5万/月,成都,文思海辉技术有限公司,外资（欧美）,10000人以上,计算机软件,08-15
嵌入式软件工程师,,武汉,豪威科技（上海）有限公司,外资（欧美）,1000-5000人,电子技术/半导体/集成电路,08-15
高级软件开发工程师,1.5-2.5万/月,深圳-南山区,金蝶软件（中国）有限公司,外资（非欧美）,5000-10000人,计算机软件,08-15
应用软件工程师,1.8-2.8万/月,深圳-宝安区,武汉佰钧成技术有限责任公司,民营公司,10000人以上,计算机软件,08-15
嵌入式软件工程师,2-2.5万/月,北京,上海大唐移动通信设备有限公司,国企,500-1000人,通信/电信/网络设备,08-15
软件工程师,2-2.5万/月,上海,上海电驱动股份有限公司,民营公司,500-1000人,汽车,08-15
Foxpro 软件工程师,0.8-1.3万/月,广州-海珠区,广州保雅信息科技有限公司,外资（非欧美）,少于50人,计算机软件,08-15
C++软件工程师,0.8-1.6万/月,绵阳,北京优创新港科技股份有限公司绵阳分公司,民营公司,少于50人,计算机软件,08-15
软件开发工程师（MIS）（重庆）,4.2-7.2千/月,重庆-沙坪坝区,达丰（重庆）电脑有限公司,外资（非欧美）,10000人以上,电子技术/半导体/集成电路,08-15
嵌入式软件工程师,1.2-1.7万/月,深圳-宝安区,深圳市泰昂能源科技股份有限公司,民营公司,150-500人,电气/电力/水利,08-15
嵌入式软件工程师,0.5-1万/月,无锡-滨湖区,无锡凌德微电子有限公司,民营公司,少于50人,电子技术/半导体/集成电路,08-15
视觉嵌入式软件开发工程师（高级，中级工程师）,2-3万/月,南京,南京智芯微处理器科技有限公司,民营公司,50-150人,电子技术/半导体/集成电路,08-15
嵌入式软件工程师,1-1.5万/月,深圳,深圳市九鼎创展科技有限公司,民营公司,少于50人,电子技术/半导体/集成电路,08-15
软件开发工程师,4.5-7千/月,佛山-南海区,广东中鹏热能科技有限公司,民营公司,150-500人,机械/设备/重工,08-15
嵌入式软件开发工程师,6-8千/月,徐州,徐州阿卡控制阀门有限公司,合资,150-500人,仪器仪表/工业自动化,08-15
高级软件工程师（机器人算法）,2-3.5万/月,东莞,东莞威霸清洁器材有限公司,外资（欧美）,150-500人,机械/设备/重工,08-15
软件开发工程师,1.3-1.8万/月,广州-黄埔区,广州市昊志机电股份有限公司,上市公司,1000-5000人,机械/设备/重工,08-15
嵌入式软件开发工程师--（底层驱动开发）,15-30万/年,上海-浦东新区,上海博舟汽车电子有限公司,民营公司,50-150人,汽车零配件,08-15
嵌入式软件工程师,1-2.5万/月,上海-宝山区,浙江优联智能科技有限公司上海分公司,民营公司,少于50人,电子技术/半导体/集成电路,08-15
Linux软件工程师,20-40万/年,深圳-宝安区,深圳市潜创微科技有限公司,民营公司,少于50人,电子技术/半导体/集成电路,08-15
软件开发工程师 JAVA方向,4-8千/月,沈阳,沈阳金创想系统集成有限公司,民营公司,50-150人,计算机软件,08-15
C#软件工程师,0.8-1.6万/月,长沙-天心区,上海明屹科技有限公司,民营公司,少于50人,计算机软件,08-15
电机控制软件工程师,12-28万/年,南京-江宁区,江苏迈吉易威电动科技有限公司,民营公司,50-150人,机械/设备/重工,08-15
软件工程师,0.7-1.4万/月,合肥-高新区,安徽中科谱康科技有限公司,民营公司,,电子技术/半导体/集成电路,08-15
嵌入软件工程师,1-2万/月,南京-浦口区,江苏美克医学技术有限公司,民营公司,50-150人,医疗设备/器械,08-15
软件工程师（近地铁）,1-2万/月,深圳-宝安区,深圳市格尔曼科技有限公司,民营公司,50-150人,电子技术/半导体/集成电路,08-15
软件开发工程师(Team Leader),2-3.5万/月,上海-浦东新区,上海交大智邦科技有限公司,民营公司,50-150人,机械/设备/重工,08-15
嵌入式软件工程师,1-1.8万/月,无锡-无锡新区,江苏家之安安防科技有限公司,民营公司,少于50人,电子技术/半导体/集成电路,08-15
机器人嵌入式软件工程师,2-2.5万/月,上海-杨浦区,上海清芸机器人有限公司,创业公司,少于50人,电子技术/半导体/集成电路,08-15
软件开发工程师,1.2-1.7万/月,成都-高新区,四川瑞霆电力科技有限公司,民营公司,50-150人,电气/电力/水利,08-15
嵌入式软件工程师,1.5-2万/月,上海-闵行区,上海成恳智能科技有限责任公司,民营公司,少于50人,电子技术/半导体/集成电路,08-15
嵌入式软件工程师,1-2万/月,杭州-滨江区,杭州英旭智能科技有限公司,民营公司,50-150人,通信/电信/网络设备,08-15
JAVA 软件工程师,1-2万/月,无锡,富勘（上海）软件技术有限公司,外资（欧美）,150-500人,计算机软件,08-15
非标自动化上位机软件工程师（C#开发工程师）,0.8-1万/月,昆山,昆山东胜通自动化设备有限公司,外资（非欧美）,50-150人,电子技术/半导体/集成电路,08-15
软件开发工程师,1-1.8万/月,太原,东杰智能科技集团股份有限公司,上市公司,150-500人,机械/设备/重工,08-15
ERP软件工程师,0.4-1万/月,合肥-包河区,苏州川力软件有限公司,民营公司,50-150人,计算机软件,08-15
JAVA软件工程师,0.8-1.5万/月,深圳-龙华区,深圳行智互动科技有限公司,民营公司,50-150人,计算机软件,08-15
Phython软件工程师,1-1.5万/月,苏州-工业园区,苏州天希电子科技有限公司,民营公司,少于50人,机械/设备/重工,08-15
软件工程师,7-15万/年,金华,东阳市花园君兰智能科技有限公司,民营公司,50-150人,电子技术/半导体/集成电路,08-15
单片机软件开发工程师（传感器）,2.4-3万/月,深圳-龙岗区,深圳市美安科技有限公司,合资,150-500人,电子技术/半导体/集成电路,08-15
软件开发工程师,0.8-1万/月,上海-浦东新区,上海齐龙机器人自动化有限公司,民营公司,少于50人,仪器仪表/工业自动化,08-15
嵌入式软件工程师,0.6-1万/月,东莞-寮步镇,先锋高科技（东莞）有限公司,外资（非欧美）,1000-5000人,电子技术/半导体/集成电路,08-15
嵌入式软件工程师,0.8-1万/月,长沙-岳麓区,湖南时铭电气有限公司,民营公司,少于50人,电子技术/半导体/集成电路,08-15
高级嵌入式软件工程师（江桥）,1-1.5万/月,上海-嘉定区,上海机床电器厂有限公司,民营公司,50-150人,仪器仪表/工业自动化,08-15
高级软件开发工程师,3-4万/月,嘉兴-秀洲区,江苏势通生物科技有限公司,民营公司,少于50人,医疗设备/器械,08-15
嵌入式软件工程师,1-1.5万/月,海宁,北京三清互联科技股份有限公司珠海分公司,民营公司,50-150人,仪器仪表/工业自动化,08-15
软件开发工程师,1-1.5万/月,南宁,广西思扬信息技术有限公司,民营公司,150-500人,计算机软件,08-15
C++高级软件工程师,15-20万/年,合肥-蜀山区,安徽凤麟核科技有限公司,民营公司,,计算机软件,08-15
嵌入式软件工程师,0.8-1万/月,南京-雨花台区,南京傲翼飞控智能科技有限公司,民营公司,少于50人,电子技术/半导体/集成电路,08-15
高级嵌入式软件工程师,1.2-2万/月,厦门,厦门纬尔科技有限公司,民营公司,50-150人,计算机软件,08-15
软件工程师,4-8千/月,长治,臻准生物工程（山西）有限公司,民营公司,150-500人,制药/生物工程,08-15
软件开发工程师,,南京,中通服咨询设计研究院有限公司,国企,1000-5000人,通信/电信/网络设备,08-15
软件工程师（嵌入式方向）,1.2-1.6万/月,南京-雨花台区,南京能可瑞科技有限公司,民营公司,50-150人,计算机软件,08-15
软件工程师-设备,1-1.5万/月,无锡-滨湖区,立川（无锡）半导体设备有限公司,民营公司,少于50人,仪器仪表/工业自动化,08-15
软件开发工程师,1.2-2.4万/月,广州-黄埔区,广州微远基因科技有限公司,民营公司,150-500人,医疗/护理/卫生,08-15
软件工程师,1-1.5万/月,深圳-龙华区,深圳市海拓天城科技有限公司,民营公司,50-150人,电子技术/半导体/集成电路,08-15
PLC嵌入式软件工程师（资深工程师-武汉）,1-2万/月,武汉-东湖新技术产业开发区,福建睿能科技股份有限公司,上市公司,500-1000人,电子技术/半导体/集成电路,08-15
手机软件开发工程师,0.8-1万/月,合肥-高新区,合肥索波特科技有限公司,民营公司,少于50人,互联网/电子商务,08-15
软件工程师,1.5-3万/月,合肥-经开区,联宝（合肥）电子科技有限公司,合资,10000人以上,计算机硬件,08-15
软件开发工程师,0.7-1.3万/月,合肥-高新区,合肥探奥自动化有限公司,民营公司,150-500人,仪器仪表/工业自动化,08-15
嵌入式高级软件工程师,2.1-2.8万/月,南京-雨花台区,南京榕树自动化系统有限公司,民营公司,少于50人,电气/电力/水利,08-15
后台软件开发工程师,15-25万/年,成都,成都天奥电子股份有限公司,国企,500-1000人,电子技术/半导体/集成电路,08-15
高级软件工程师,1-1.5万/月,宁波-江北区,赛特威尔电子股份有限公司,民营公司,500-1000人,电子技术/半导体/集成电路,08-15
软件工程师（上位机方向）,30-60万/年,深圳-福田区,苏州赛芯电子科技股份有限公司,外资（非欧美）,50-150人,电子技术/半导体/集成电路,08-15
自动化软件工程师,0.8-1.5万/月,苏州-工业园区,江苏比微曼智能科技有限公司,国企,少于50人,机械/设备/重工,08-15
软件工程师（Linux BSP）,1.6-2.5万/月,深圳,深圳市巨烽显示科技有限公司,民营公司,500-1000人,医疗设备/器械,08-15
高级操作系统软件工程师,2-3.5万/月,合肥-高新区,合肥本源量子计算科技有限责任公司,民营公司,150-500人,电子技术/半导体/集成电路,08-15
嵌入式软件工程师,1-2万/月,深圳-南山区,深圳市大象机器人科技有限公司,合资,50-150人,机械/设备/重工,08-15
嵌入式软件工程师,2.5-3万/月,上海-徐汇区,伽然信息科技（上海）有限公司,民营公司,50-150人,计算机软件,08-15
软件开发工程师,1-1.5万/月,武汉-东湖新技术产业开发区,武汉三栖智能科技有限公司,民营公司,少于50人,建筑/建材/工程,08-15
嵌入式软件工程师,0.8-1.6万/月,广州,广州市正唐信息科技有限公司,民营公司,50-150人,通信/电信/网络设备,08-15
嵌入式软件工程师,1.5-2万/月,东莞-松山湖区,江苏润和软件股份有限公司,民营公司,5000-10000人,计算机软件,08-15
嵌入式软件工程师,1-1.5万/月,珠海,珠海拓芯科技有限公司,民营公司,50-150人,电子技术/半导体/集成电路,08-15
软件工程师,20-30万/年,常州-武进区,苏州领泰人力资源有限公司,民营公司,少于50人,专业服务(咨询、人力资源、财会),08-15
软件开发工程师,15-20万/年,上海,上海第一医药股份有限公司,国企,1000-5000人,批发/零售,08-15
视觉软件工程师,1.6-3万/月,深圳-龙岗区,深圳镭霆激光科技有限公司,民营公司,50-150人,仪器仪表/工业自动化,08-15
软件开发工程师,4.5-6千/月,合肥-蜀山区,安徽易优思科技股份有限公司,民营公司,,计算机软件,08-15
高级软件开发工程师,1-2万/月,沈阳-铁西区,中科芯微智能装备（沈阳）有限公司,民营公司,,电子技术/半导体/集成电路,08-15
嵌入式软件工程师,2.5-3万/月,上海-浦东新区,光交澳（上海）智能科技有限公司,创业公司,少于50人,电子技术/半导体/集成电路,08-15
软件开发工程师（工业物联网）,1.5-2万/月,深圳-宝安区,旭森聚谷（深圳）实业有限公司,民营公司,150-500人,贸易/进出口,08-15
软件工程师,1.5-2.8万/月,东莞-寮步镇,广东鸿宝科技有限公司,民营公司,500-1000人,机械/设备/重工,08-15
软件工程师,0.8-1.5万/月,佛山-禅城区,广东氢标科技有限公司,创业公司,少于50人,新能源,08-15
软件开发工程师,1-1.5万/月,无锡,无锡乐尔科技有限公司,民营公司,50-150人,电子技术/半导体/集成电路,08-15
软件开发工程师,0.8-1万/月,南宁-西乡塘区,广西翔哲电子科技有限公司,民营公司,50-150人,互联网/电子商务,08-15
上位机软件工程师,2-2.5万/月,上海-浦东新区,上海拜安传感技术有限公司,民营公司,50-150人,电子技术/半导体/集成电路,08-15
高级嵌入式软件工程师,1-2万/月,深圳-宝安区,北京鼎汉技术集团股份有限公司,上市公司,1000-5000人,仪器仪表/工业自动化,08-15
软件工程师,1.2-1.6万/月,宁波,宁波曙翔新材料股份有限公司,民营公司,150-500人,新能源,08-15
软件开发工程师,1.2-1.8万/月,上海-浦东新区,上海长顺电梯电缆有限公司,民营公司,500-1000人,原材料和加工,08-15
软件开发工程师,6-8千/月,保定,曼德电子电器有限公司保定徐水电气系统分公司,民营公司,1000-5000人,汽车,08-15
软件开发工程师,1-1.5万/月,上海-闵行区,苏州大软信息智能科技有限公司,外资（欧美）,,计算机软件,08-15
软件工程师,1-2万/月,苏州-工业园区,苏州工业园区迈泰克自动化技术有限公司,外资（欧美）,,计算机软件,08-15
TWS 嵌入式软件工程师,1.5-3万/月,深圳-福田区,Tymphany,合资,1000-5000人,电子技术/半导体/集成电路,08-15
软件工程师,1.5-2万/月,杭州-拱墅区,杭州翼邦芯科技有限公司,创业公司,少于50人,仪器仪表/工业自动化,08-15
嵌入式软件工程师,1-2万/月,苏州-工业园区,上海尚领医疗科技有限公司,民营公司,50-150人,医疗设备/器械,08-15
.net 软件开发工程师,0.5-1万/月,成都,成都优奈特科技发展有限公司,民营公司,50-150人,计算机软件,08-15
嵌入式软件工程师,1.2-2.4万/月,惠州-仲恺区,惠州志顺电子实业有限公司,国企,500-1000人,电子技术/半导体/集成电路,08-15
软件工程师,0.8-1.5万/月,镇江,江苏金海创科技有限公司,民营公司,150-500人,电子技术/半导体/集成电路,08-15
嵌入式软件开发工程师,1.5-2万/月,上海,上海科技绿洲发展有限公司,国企,500-1000人,专业服务(咨询、人力资源、财会),08-15
嵌入式软件工程师（STM32系列）,1-1.5万/月,深圳-宝安区,深圳市科尔诺电子科技有限公司,民营公司,50-150人,环保,08-15
软件工程师,1-1.5万/月,深圳-龙华区,深圳京航科技有限公司,民营公司,少于50人,计算机软件,08-15
电子软件工程师,1-1.8万/月,深圳,深圳市麦道微电子技术有限公司,民营公司,,电子技术/半导体/集成电路,08-15
ERP软件开发工程师,1-1.5万/月,杭州-余杭区,浙江兆龙互连科技股份有限公司,上市公司,1000-5000人,通信/电信/网络设备,08-15
系统软件开发工程师,1-1.5万/月,西安-雁塔区,中科创达软件股份有限公司,上市公司,5000-10000人,通信/电信/网络设备,08-15
嵌入式软件开发工程师,1-1.5万/月,深圳-南山区,深圳市金百锐通信科技有限公司,民营公司,50-150人,通信/电信/网络设备,08-15
QT软件开发工程师,1.5-2.5万/月,苏州-吴中区,深圳市汇川技术股份有限公司,上市公司,10000人以上,仪器仪表/工业自动化,08-15
单片机软件工程师,1-1.2万/月,上海-徐汇区,上海大佑电子有限公司,民营公司,少于50人,电子技术/半导体/集成电路,08-15
软件开发工程师（焊接机器人）,1.3-2万/月,南京,南京埃斯顿自动化股份有限公司,上市公司,1000-5000人,仪器仪表/工业自动化,08-15
软件工程师（故指）,1.7-3万/月,北京-海淀区,北京丹华昊博电力科技有限公司,民营公司,50-150人,电气/电力/水利,08-15
软件工程师,0.8-1.2万/月,苏州-吴中区,上海晶翱电子科技有限公司,民营公司,少于50人,电子技术/半导体/集成电路,08-15
软件开发工程师,1-1.5万/月,北京,中材建设有限公司,国企,500-1000人,建筑/建材/工程,08-15
软件工程师（信息化系统-不出差）(J10486),1.1-2.2万/月,无锡,无锡先导智能装备股份有限公司,上市公司,10000人以上,仪器仪表/工业自动化,08-15
软件工程师（自动装车机器人）,1.5-2.5万/月,合肥,合肥泰禾智能科技集团股份有限公司,民营公司,1000-5000人,机械/设备/重工,08-15
软件开发工程师,4.5-6千/月,襄阳-樊城区,襄阳弘创中睿软件开发技术有限公司,民营公司,,计算机软件,08-15
安卓ios软件开发工程师,1-2万/月,深圳-龙岗区,深圳市夏杰智能有限公司,民营公司,少于50人,计算机软件,08-15
软件工程师-C/C++开发,6-8千/月,台州-椒江区,珠海易思纬信息科技有限公司,民营公司,50-150人,计算机软件,08-15
软件工程师（GPU）,1.5-3万/月,深圳-南山区,深流微智能科技（深圳）有限公司,民营公司,150-500人,电子技术/半导体/集成电路,08-15
JAVA / JSP 软件开发工程师,0.8-1.3万/月,上海-徐汇区,上海业奥通讯系统有限公司,民营公司,50-150人,计算机软件,08-15
电机控制软件工程师,1.5-2万/月,上海-闵行区,上海专新电子科技有限公司,民营公司,,电子技术/半导体/集成电路,08-15
中高级软件工程师,1-1.8万/月,武汉-洪山区,智线云科技（北京）有限公司武汉分公司,民营公司,50-150人,计算机软件,08-15
软件工程师,10-15万/年,厦门-海沧区,厦门陆海环保股份有限公司,民营公司,150-500人,环保,08-15
软件开发工程师,4.5-6千/月,镇江-京口区,江苏诚志软件科技有限公司,民营公司,少于50人,计算机软件,08-15
嵌入式软件工程师,0.8-1.6万/月,成都-龙泉驿区,益驰（上海）汽车电子技术有限公司,民营公司,,电子技术/半导体/集成电路,08-15
嵌入式软件工程师,0.6-1万/月,威海,威海艾提夫医疗设备制造有限公司,外资（非欧美）,50-150人,医疗设备/器械,08-15
嵌入式软件工程师,6-8千/月,杭州,杭州绰美科技有限公司,民营公司,50-150人,环保,08-15
Java开发/Java软件工程师,1.1-1.7万/月,武汉-洪山区,深圳市法本信息技术股份有限公司,上市公司,10000人以上,计算机软件,08-15
嵌入式软件工程师,1.5-3万/月,上海-长宁区,上海耘德信息技术有限公司,民营公司,少于50人,电子技术/半导体/集成电路,08-15
软件开发工程师,1-1.5万/月,长沙,大尧信息科技（湖南）有限公司,民营公司,50-150人,通信/电信/网络设备,08-15
软件工程师,1.5-3万/月,上海-嘉定区,默里茨科技（上海）有限公司,创业公司,少于50人,贸易/进出口,08-15
软件工程师（BU1）,1-2万/月,上海-闵行区,英业达（上海）有限公司,外资（非欧美）,10000人以上,电子技术/半导体/集成电路,08-15
软件工程师(ERP财务方向),0.7-1万/月,常熟,苏州腾晖光伏技术有限公司,民营公司,1000-5000人,电气/电力/水利,08-15
JAVA软件工程师（初级含实习生）,5-8千/月,成都-武侯区,成都干将网络科技有限公司,民营公司,150-500人,网络游戏,08-15
软件工程师,1.5-2.5万/月,深圳-龙华区,深圳市环波科技有限责任公司,创业公司,少于50人,通信/电信/网络设备,08-15
Linux软件开发工程师（济南）,1-2万/月,济南-高新区,北京易艾斯德科技有限公司,民营公司,150-500人,电气/电力/水利,08-15
嵌入式软件工程师,0.8-1.2万/月,青岛-崂山区,青岛国软科技有限公司,民营公司,50-150人,电子技术/半导体/集成电路,08-15
软件工程师,1.5-3万/月,深圳-龙岗区,深圳市兴丰源电子科技有限公司,民营公司,,计算机软件,08-15
软件工程师,0.6-1万/月,苏州-高新区,苏州安瑞可信息科技有限公司,民营公司,50-150人,通信/电信/网络设备,08-15
高级嵌入式软件工程师,1.5-3万/月,佛山-南海区,广东阿达智能装备有限公司,合资,150-500人,电子技术/半导体/集成电路,08-15
软件工程师,0.5-1万/月,温州,上海捷道数码科技有限公司温州分公司,民营公司,少于50人,计算机软件,08-15
Java软件开发工程师（前端）,1-1.5万/月,上海-长宁区,上海诚壹网络科技有限公司,民营公司,少于50人,互联网/电子商务,08-15
嵌入式软件开发工程师,1.5-3万/月,上海-杨浦区,上海魅奈儿科技有限公司,民营公司,50-150人,计算机软件,08-15
单片机软件工程师,5-8千/月,上海-宝山区,上海午阳电子科技有限公司,民营公司,50-150人,仪器仪表/工业自动化,08-15
软件工程师（AI）,1.5-2万/月,上海-松江区,埃夫特智能装备股份有限公司,上市公司,1000-5000人,仪器仪表/工业自动化,08-15
高级嵌入式软件工程师（集中器）,1-2万/月,北京-海淀区,北京中宸微电子有限公司,民营公司,150-500人,仪器仪表/工业自动化,08-15
软件开发工程师,0.8-1万/月,成都-金牛区,成都劳杰斯信息技术有限公司,民营公司,少于50人,计算机软件,08-15
上位机软件工程师,1.5-3万/月,深圳,深圳市一正科技有限公司,民营公司,少于50人,仪器仪表/工业自动化,08-15
Android中级软件开发工程师,1.5-3万/月,广州-天河区,江苏奥净嘉环保科技有限公司,民营公司,50-150人,环保,08-15
120185视觉软件工程师,1-1.5万/月,深圳-宝安区,大族激光科技产业集团股份有限公司,上市公司,10000人以上,多元化业务集团公司,08-15
软件工程师,1.5-2万/月,广州,广州山锋测控技术有限公司,国企,1000-5000人,检测，认证,08-15
Java软件工程师,0.7-1.4万/月,泉州,南威软件集团,上市公司,1000-5000人,计算机软件,08-15
Python软件工程师,1.2-2万/月,深圳-龙华区,深圳市银星智能科技股份有限公司,民营公司,1000-5000人,家具/家电/玩具/礼品,08-15
软件工程师,1.5-2万/月,深圳,方大集团股份有限公司,民营公司,,多元化业务集团公司,08-15
嵌入式软件工程师,4-8千/月,合肥-高新区,安徽旗益电气有限公司,民营公司,,电气/电力/水利,08-15
JAVA 软件开发工程师,8-15万/年,上海-宝山区,上海宝信软件股份有限公司海盐分公司,上市公司,50-150人,计算机软件,08-15
嵌入式软件工程师,1-2万/月,杭州,杭州先奥科技有限公司,民营公司,少于50人,医疗设备/器械,08-15
Linx软件工程师（物联网方向）,2-4万/月,上海-浦东新区,嘉晨电器上海研发中心,民营公司,150-500人,新能源,08-15
嵌入式软件工程师,0.9-1.8万/月,深圳-南山区,深圳市威浩康医疗器械有限公司,民营公司,少于50人,医疗设备/器械,08-15
嵌入式软件工程师,1.5-2万/月,深圳-南山区,中云信安（深圳）科技有限公司,创业公司,少于50人,电子技术/半导体/集成电路,08-15
软件工程师,1.5-2万/月,东莞-南城区,东莞市鸿骐电子科技有限公司,民营公司,50-150人,贸易/进出口,08-15
C#高级软件工程师/软件技术经理,20-40万/年,上海,上海复享光学股份有限公司,上市公司,50-150人,仪器仪表/工业自动化,08-15
Java软件工程师,1.2-1.8万/月,上海-黄浦区,上海图萨扬信息技术有限公司,民营公司,50-150人,计算机软件,08-15
软件开发工程师,1-1.5万/月,上海-徐汇区,上海高骏科技有限公司,民营公司,少于50人,通信/电信/网络设备,08-15
软件工程师,1.1-1.6万/月,南京-江宁区,南京汇翔自动化系统工程有限公司,民营公司,50-150人,仪器仪表/工业自动化,08-15
安全软件开发工程师,1.8-3万/月,深圳-南山区,深圳市三旺通信股份有限公司,上市公司,150-500人,通信/电信/网络设备,08-15
资深软件工程师,1.5-3万/月,深圳-光明区,深圳市纳设智能装备有限公司,创业公司,少于50人,电子技术/半导体/集成电路,08-15
嵌入式软件工程师,15-30万/年,南京-江宁区,南京因泰莱电器股份有限公司,民营公司,150-500人,仪器仪表/工业自动化,08-15
嵌入式软件工程师,2-2.5万/月,上海-闵行区,上海宝赛生物科技有限公司,合资,少于50人,医疗设备/器械,08-15
C++/QT软件开发工程师,0.9-1.6万/月,上海-浦东新区,上海小辙轩华汽车科技有限公司,民营公司,少于50人,汽车,08-15
软件工程师,0.8-1万/月,深圳-龙岗区,深圳市达诺通信技术有限公司,民营公司,少于50人,通信/电信/网络设备,08-15
软件工程师,0.8-1万/月,成都-郫都区,四川省中药饮片有限责任公司,民营公司,150-500人,制药/生物工程,08-15
嵌入式软件工程师（Zynq方向）,0.8-1.2万/月,长沙-开福区,湖南鲸瓴智联信息技术有限公司,民营公司,50-150人,计算机软件,08-15
运动控制软件工程师,2.5-3万/月,深圳-龙岗区,弗莱克斯（深圳）智能科技有限公司,民营公司,50-150人,仪器仪表/工业自动化,08-15
软件工程师,1.5-2万/月,青岛-市南区,青岛若愚科技有限公司,民营公司,少于50人,电子技术/半导体/集成电路,08-15
高级软件工程师（精密仪器方向）,1.5-2万/月,宁波-鄞州区,宁波龙泰医疗科技有限公司,民营公司,150-500人,医疗/护理/卫生,08-15
嵌入式软件工程师,1.5-2.5万/月,深圳-龙华区,深圳汉诺医疗科技有限公司,外资（非欧美）,50-150人,医疗/护理/卫生,08-15
软件工程师（JAVA）,1.2-2万/月,深圳,深圳市云房网络科技有限公司大冲分公司,民营公司,,计算机软件,08-15
嵌入式软件工程师,0.8-1万/月,深圳,深圳市物联微电子有限公司,民营公司,,互联网/电子商务,08-15
软件工程师（界面方向）,1-2万/月,西安,西安华腾微波有限责任公司,民营公司,50-150人,电子技术/半导体/集成电路,08-15
资深软件开发工程师,2-2.3万/月,上海-长宁区,上海东方传媒技术有限公司,国企,500-1000人,影视/媒体/艺术/文化传播,08-15
高级软件工程师（嵌入式）,1.5-2.5万/月,苏州-工业园区,南京同庆科技有限公司,民营公司,50-150人,计算机服务(系统、数据服务、维修),08-15
嵌入式软件工程师,1.5-3万/月,深圳-南山区,深圳市国鑫恒运信息安全有限公司,民营公司,150-500人,计算机服务(系统、数据服务、维修),08-15
嵌入式软件工程师,1.2-2万/月,苏州-高新区,上海树突精密仪器有限公司,民营公司,少于50人,仪器仪表/工业自动化,08-15
高级软件工程师,1.5-2.5万/月,成都,成都杭可仪器有限公司,民营公司,少于50人,电子技术/半导体/集成电路,08-15
应用软件开发工程师,0.8-1万/月,南京-江宁区,江苏傲讯达电子科技有限公司,民营公司,,电子技术/半导体/集成电路,08-15
高级软件开发工程师,0.9-1.8万/月,深圳,深圳市中博科创信息技术有限公司,民营公司,,计算机软件,08-15
嵌入式软件工程师,1-2万/月,武汉-东湖新技术产业开发区,武汉星伴通信设备有限责任公司,民营公司,少于50人,通信/电信/网络设备,08-15
软件工程师（C++系统）,1-2万/月,徐州,徐工集团江苏徐州工程机械研究院,国企,500-1000人,机械/设备/重工,08-15
嵌入式软件工程师,1-2万/月,杭州-西湖区,河南兴东医疗科技有限公司,合资,,医疗/护理/卫生,08-15
嵌入式软件工程师,1-1.8万/月,北京,北京美科艺数码科技发展有限公司,外资（欧美）,150-500人,电子技术/半导体/集成电路,08-15
软件工程师（可接受应届）,0.8-1.5万/月,深圳-南山区,深圳市动能世纪科技有限公司,民营公司,50-150人,电子技术/半导体/集成电路,08-15
Java软件工程师,0.8-1.5万/月,苏州,易程（苏州）电子科技股份有限公司,国企,150-500人,计算机服务(系统、数据服务、维修),08-15
高级嵌入式软件开发工程师,1.5-2.5万/月,深圳-宝安区,深圳市玉成创新科技有限公司,民营公司,50-150人,电子技术/半导体/集成电路,08-15
C++软件工程师,0.9-1.4万/月,广州-荔湾区,广州汉光电气股份有限公司,民营公司,150-500人,仪器仪表/工业自动化,08-15
软件开发工程师,1-1.5万/月,上海,上海杰智电工科技有限公司,民营公司,,电子技术/半导体/集成电路,08-15
DSP软件工程师,1-1.6万/月,深圳-南山区,深圳市华晟智源科技有限公司,民营公司,少于50人,新能源,08-15
C++/C#软件工程师,1.2-1.8万/月,深圳-南山区,深圳市湘聚实业有限公司,民营公司,50-150人,仪器仪表/工业自动化,08-15
软件工程师C++,0.8-1.3万/月,武汉-洪山区,武汉利德测控技术有限公司,上市公司,150-500人,仪器仪表/工业自动化,08-15
软件工程师（monitor）,1-1.5万/月,深圳,深圳市隆利科技股份有限公司,民营公司,1000-5000人,电子技术/半导体/集成电路,08-15
软件工程师,1.5-2万/月,深圳-龙华区,南方中研（深圳）科技有限公司,民营公司,少于50人,电子技术/半导体/集成电路,08-15
.NET软件工程师,1-1.5万/月,无锡-无锡新区,上海挚达科技发展有限公司,民营公司,150-500人,汽车,08-15
软件工程师,0.8-1.3万/月,昆山,江苏延长桑莱特新能源有限公司,合资,50-150人,新能源,08-15
电控软件工程师,0.8-1.6万/月,广州-番禺区,广州菲亚兰德科技有限公司,民营公司,500-1000人,电子技术/半导体/集成电路,08-15
高级软件工程师,1.5-2万/月,上海,上海逸动医学科技有限公司,民营公司,,医疗设备/器械,08-15
对日JAVA初级软件工程师,1-1.5万/月,上海-黄浦区,上海海隆信技软件有限公司,民营公司,1000-5000人,计算机软件,08-15
高级嵌入式软件工程师（电机驱动器方向）,1.5-3万/月,上海,上海邦邦机器人有限公司,民营公司,,建筑/建材/工程,08-15
32位MCU开发软件工程师,0.8-1.5万/月,深圳-龙华区,深圳联合辉腾科技有限公司,民营公司,少于50人,电子技术/半导体/集成电路,08-15
嵌入式软件工程师,1-1.5万/月,武汉-东湖新技术产业开发区,武汉千帆动力技术有限公司,民营公司,50-150人,新能源,08-15
软件工程师,1-1.5万/月,苏州-吴江区,苏州冷杉精密仪器有限公司,民营公司,50-150人,仪器仪表/工业自动化,08-15
嵌入式软件工程师,25-35万/年,上海-浦东新区,上海工物高技术产业发展有限公司,国企,50-150人,学术/科研,08-15
嵌入式软件工程师,10-15万/年,青岛-城阳区,青岛宏孚联通信技术有限公司,民营公司,50-150人,通信/电信/网络设备,08-15
嵌入式软件工程师,0.7-1万/月,成都-郫都区,四川创宏电气有限公司,民营公司,50-150人,电子技术/半导体/集成电路,08-15
嵌入式软件工程师,1.5-2万/月,上海-嘉定区,上海水成环保科技股份有限公司,民营公司,50-150人,环保,08-15
软件开发工程师,1.5-2万/月,上海,江铜国际贸易有限公司,合资,50-150人,贸易/进出口,08-15
软件工程师,1-1.5万/月,广州-天河区,广州南雪药业有限公司,民营公司,500-1000人,制药/生物工程,08-15
软件工程师,1-1.5万/月,西安-高新技术产业开发区,西安灵境科技有限公司,民营公司,150-500人,电子技术/半导体/集成电路,08-15
软件工程师,1.5-2万/月,深圳-南山区,深圳市绿洲光生物技术有限公司,民营公司,少于50人,环保,08-15
软件开发工程师（社招）,0.7-1.4万/月,苏州,苏州清越光电科技股份有限公司,政府机关,,政府/公共事业,08-15
嵌入式软件工程师,0.6-1.2万/月,成都-郫都区,成都亿佰特电子科技有限公司,民营公司,150-500人,通信/电信/网络设备,08-15
上位机软件工程师,0.7-1.2万/月,成都-高新区,四川戎胜兴邦科技股份有限公司,民营公司,少于50人,计算机软件,08-15
软件工程师,1-1.8万/月,北京-海淀区,奥帝（北京）信息技术有限公司,民营公司,少于50人,计算机软件,08-15
嵌入式软件工程师,4-6千/月,苏州-工业园区,哈夫曼数字技术（苏州）有限公司,创业公司,少于50人,电子技术/半导体/集成电路,08-15
软件开发工程师,10-15万/年,深圳,广州市运通水务有限公司,民营公司,50-150人,环保,08-15
软件工程师,1-1.5万/月,深圳-福田区,深圳希玛林顺潮眼科医院,外资（非欧美）,500-1000人,医疗/护理/卫生,08-15
嵌入式软件工程师,0.6-1.2万/月,深圳-宝安区,深圳市智天物联科技有限公司,民营公司,150-500人,通信/电信/网络设备,08-15
嵌入式软件工程师(000593),2-2.5万/月,西安,西安铂力特增材技术股份有限公司,民营公司,500-1000人,机械/设备/重工,08-15
（社招）自动化软件开发工程师,4.5-8千/月,昆山,仁宝信息技术（昆山）有限公司,民营公司,,电子技术/半导体/集成电路,08-15
（社招）软件开发工程师,1.6-2.5万/月,昆山,环鸿电子（昆山）有限公司,民营公司,,电子技术/半导体/集成电路,08-15
嵌入式软件工程师,10-18万/年,厦门-翔安区,厦门纵能电子科技有限公司,民营公司,少于50人,仪器仪表/工业自动化,08-15
软件工程师,1-2万/月,昆山,昆山佰奥智能装备股份有限公司,上市公司,500-1000人,家具/家电/玩具/礼品,08-15
ERP软件工程师,1-1.5万/月,广州-天河区,华胜连锁（奔宝奥豪华车专修）,民营公司,5000-10000人,汽车,08-15
软件工程师（中高级）,30-50万/年,广州-黄埔区,广州斯坦雷电气有限公司,合资,1000-5000人,汽车零配件,08-15
嵌入式软件工程师,0.8-1.5万/月,重庆,重庆中星微人工智能芯片技术有限公司,民营公司,50-150人,电子技术/半导体/集成电路,08-15
软件工程师,1-2万/月,深圳-龙岗区,矽电半导体设备（深圳）股份有限公司,民营公司,150-500人,电子技术/半导体/集成电路,08-15
C#软件工程师,0.8-1.3万/月,上海-徐汇区,上海复软信息科技有限公司,民营公司,50-150人,计算机软件,08-15
嵌入式软件工程师,0.6-1万/月,无锡,尼得科康迪克电梯技术（无锡）有限公司,外资（欧美）,50-150人,仪器仪表/工业自动化,08-15
软件工程师,5-6.5千/月,惠州,惠州市华阳数码特电子有限公司,民营公司,500-1000人,汽车零配件,08-15
软件工程师,6-8千/月,北京,北京同方光盘股份有限公司,上市公司,少于50人,计算机硬件,08-15
应用软件开发工程师,2-3万/月,深圳-光明区,深圳市光与生物科技有限公司,民营公司,少于50人,医疗设备/器械,08-15
SMT软件接口软件开发工程师,1.5-2万/月,深圳-宝安区,深圳芯光智能信息有限公司,民营公司,少于50人,电子技术/半导体/集成电路,08-15
产品经理/嵌入式软件工程师,1-2万/月,广州-白云区,广州盛业电子商务有限公司,民营公司,150-500人,互联网/电子商务,08-15
中级嵌入式软件工程师,1.5-2万/月,深圳-南山区,深圳市辰卓科技有限公司,民营公司,少于50人,仪器仪表/工业自动化,08-15
软件开发工程师,0.7-1.5万/月,上海-普陀区,上海商传互联网科技有限公司,民营公司,50-150人,互联网/电子商务,08-15
(IT Engineer) 软件工程师,0.8-1万/月,上海-黄浦区,海默巴赫信息技术服务（北京）有限公司,外资（欧美）,1000-5000人,计算机服务(系统、数据服务、维修),08-15
单片机软件开发工程师,1.5-2万/月,深圳-南山区,深圳视触科技有限公司,民营公司,少于50人,计算机软件,08-15
嵌入式软件工程师,1-1.5万/月,北京-朝阳区,苏州科易新动力科技有限公司,民营公司,150-500人,汽车,08-15
应用软件工程师,1-2万/月,上海-闵行区,上海大郡动力控制技术有限公司,合资,150-500人,汽车,08-15
软件工程师C语言嵌入式,1-1.5万/月,广州-南沙区,广州迈斯宝新能源科技有限公司,民营公司,50-150人,新能源,08-15
软件开发工程师,1.5-2万/月,武汉-东湖新技术产业开发区,苏州海伯利安机器人科技有限公司,民营公司,少于50人,仪器仪表/工业自动化,08-15
软件开发工程师,0.8-1.5万/月,杭州-钱塘区,杭州将心智策科技有限公司,民营公司,少于50人,计算机软件,08-15
.Net软件开发工程师双休五险一金,0.6-1万/月,济南-历下区,山东登锐信息科技有限公司,民营公司,50-150人,计算机软件,08-15
嵌入式软件工程师,20-30万/年,深圳,深圳市永旭兴业科技有限公司,民营公司,50-150人,电子技术/半导体/集成电路,08-15
软件开发工程师,1-1.5万/月,深圳-龙华区,深圳市保途者科技有限公司,民营公司,50-150人,汽车,08-15
应届助理软件工程师,0.8-1万/月,深圳-宝安区,深圳市鑫凌波电子有限公司,民营公司,50-150人,电子技术/半导体/集成电路,08-15
软件开发工程师,1.2-1.8万/月,成都-高新区,成都通达立讯科技有限公司,民营公司,少于50人,通信/电信/网络设备,08-15
C++软件开发工程师,1.5-2.6万/月,上海-闵行区,上海铼钠克数控科技股份有限公司,民营公司,50-150人,仪器仪表/工业自动化,08-15
DSP软件工程师,1.5-2万/月,深圳-南山区,深圳市知行智驱技术有限公司,民营公司,50-150人,汽车,08-15
医疗软件工程师（C++）,2-3万/月,北京-朝阳区,北京歌锐科技有限公司,民营公司,少于50人,医疗设备/器械,08-15
软件工程师,2-3万/月,南京-江宁区,江苏亿连通信技术有限公司,民营公司,少于50人,通信/电信/网络设备,08-15
c++软件开发工程师（五险一金+双休+餐补）,6-9千/月,西安-碑林区,西安艾科特声学科技有限公司,国企,少于50人,电子技术/半导体/集成电路,08-15
java 软件工程师,0.8-1万/月,上海,上海万格生物科技有限公司,民营公司,50-150人,医疗设备/器械,08-15
嵌入式软件工程师-广州番禺,1.2-1.6万/月,广州,广州同飞家电有限公司,外企代表处,少于50人,贸易/进出口,08-15
底层驱动软件工程师,1.5-3.5万/月,深圳-福田区,布鲁萨（深圳）电子技术有限责任公司,外资（欧美）,150-500人,新能源,08-15
C++软件工程师,1-2万/月,重庆-沙坪坝区,深圳普门科技股份有限公司,上市公司,500-1000人,医疗设备/器械,08-15
C++软件开发工程师,1.2-1.5万/月,广州,广州王石软件技术有限公司,民营公司,少于50人,计算机软件,08-15
技术研发小组负责人/Java高级软件工程师,0.8-1万/月,武汉-武昌区,深圳市比特流科技有限公司,民营公司,,计算机软件,08-15
软件工程师,1.2-2万/月,上海-奉贤区,上海陆灵精密机械有限公司,民营公司,少于50人,仪器仪表/工业自动化,08-15
高级软件工程师（Java或.net）,1-1.8万/月,深圳-福田区,赞华电子系统（深圳）有限公司,外资（非欧美）,150-500人,计算机服务(系统、数据服务、维修),08-15
.NET软件工程师,1-2万/月,武汉,湖北京山轻工机械股份有限公司,上市公司,1000-5000人,机械/设备/重工,08-15
C#上位机软件工程师,1-1.5万/月,深圳-宝安区,东莞中创智能制造系统有限公司,民营公司,50-150人,计算机软件,08-15
应用软件工程师/上位机,0.8-1.8万/月,广州-黄埔区,广州铭创通讯科技有限公司,民营公司,50-150人,通信/电信/网络设备,08-15
MCU软件工程师,1.5-4万/月,上海-闵行区,新阳荣乐（上海）汽车电子有限公司,合资,50-150人,汽车,08-15
自动化软件工程师,1.5-3.5万/月,昆山,苏州希盟科技股份有限公司,民营公司,150-500人,仪器仪表/工业自动化,08-15
嵌入式软件工程师,1.5-2万/月,昆山,上海卓迈汽车技术服务有限公司,民营公司,50-150人,汽车,08-15
Java开发软件工程师,1-1.5万/月,天津-滨海新区,巡扬智能科技（上海）有限公司,民营公司,少于50人,仪器仪表/工业自动化,08-15
资深嵌入式软件工程师,1.5-2万/月,深圳-福田区,深圳市祺丰智能机器人科技有限公司,民营公司,少于50人,计算机软件,08-15
初级嵌入式软件工程师,10-15万/年,天津-滨海新区,天津维晟微科技有限公司,民营公司,少于50人,电子技术/半导体/集成电路,08-15
Java软件开发/软件工程师/五险一金/接受实习生,4.5-6千/月,成都-武侯区,成都零牛科技有限公司,民营公司,,计算机软件,08-15
高级嵌入式软件开发工程师,1.5-2.5万/月,深圳-南山区,深圳市讯美智联电子有限公司,民营公司,少于50人,通信/电信/网络设备,08-15
软件工程师,0.6-1.5万/月,苏州,辉创电子科技（苏州）有限公司,外资（非欧美）,500-1000人,汽车,08-15
自动化软件工程师,1.2-1.5万/月,苏州-工业园区,苏州光舵微纳科技股份有限公司,民营公司,少于50人,电子技术/半导体/集成电路,08-15
中级软件工程师,1-1.5万/月,杭州,华立集团股份有限公司,民营公司,10000人以上,多元化业务集团公司,08-15
软件工程师（双休、五险一金）,0.5-1万/月,西安-高新技术产业开发区,西安宏源视讯设备有限责任公司,民营公司,50-150人,机械/设备/重工,08-15
JAVA软件工程师,0.8-1.5万/月,长沙-长沙县,株洲长河电力机车科技有限公司,民营公司,50-150人,仪器仪表/工业自动化,08-15
机电软件工程师,0.5-1万/月,保定,海峡德越（北京）科技有限公司,民营公司,少于50人,贸易/进出口,08-15
C++软件开发工程师,1.5-2.5万/月,上海,上海晓材科技有限公司,合资,50-150人,计算机软件,08-15
软件工程师,1.1-1.8万/月,深圳-南山区,深圳市博巨兴微电子科技有限公司,民营公司,50-150人,电子技术/半导体/集成电路,08-15
Java软件开发工程师,5-8千/月,重庆-渝北区,重庆劳格科技有限公司,民营公司,少于50人,计算机软件,08-15
嵌入式软件工程师,1-2万/月,上海-松江区,上海朝辉压力仪器有限公司,民营公司,50-150人,仪器仪表/工业自动化,08-15
嵌入式软件工程师,0.6-1万/月,深圳,深圳市优卡特电子有限公司,民营公司,少于50人,电子技术/半导体/集成电路,08-15
嵌入式软件工程师,1-1.4万/月,大连-高新园区,大连卓讯软通科技有限公司,民营公司,50-150人,电子技术/半导体/集成电路,08-15
单片机软件工程师,1-1.5万/月,深圳-宝安区,深圳市傲雷电商科技股份有限公司,民营公司,1000-5000人,电子技术/半导体/集成电路,08-15
移动端软件开发工程师（重庆）,0.8-1.5万/月,重庆-渝北区,中远海运科技股份有限公司,国企,1000-5000人,计算机软件,08-15
.NET软件工程师/软件工程师,1-2万/月,上海-浦东新区,上海众耘数码科技发展有限公司,民营公司,少于50人,计算机软件,08-15
嵌入式软件工程师,1-1.8万/月,广州,威创集团股份有限公司,上市公司,500-1000人,计算机硬件,08-15
ERP软件开发工程师,1-1.5万/月,苏州,苏州市龙伸信息科技有限公司,民营公司,少于50人,计算机软件,08-15
嵌入式高级软件工程师,1.8-2.5万/月,苏州-高新区,爱士惟新能源技术（江苏）有限公司,外资（非欧美）,150-500人,新能源,08-15
软件开发工程师,1-2万/月,温州-龙湾区,浙江晋达柔性智能装备有限公司,民营公司,50-150人,仪器仪表/工业自动化,08-15
Java全栈软件工程师,1-1.5万/月,杭州-西湖区,浙江志库数字技术有限责任公司,民营公司,少于50人,计算机软件,08-15
软件开发工程师,1.5-2万/月,深圳-宝安区,深圳赛尔智控科技有限公司,民营公司,50-150人,电子技术/半导体/集成电路,08-15
软件工程师,1-1.8万/月,深圳-南山区,深圳市麦道微电子技术有限公司,民营公司,50-150人,电子技术/半导体/集成电路,08-15
软件工程师（PC端）,1.5-3万/月,深圳-宝安区,深圳市卓兴半导体科技有限公司,民营公司,少于50人,电子技术/半导体/集成电路,08-15
软件开发工程师（问道）,12-24万/年,武汉,黄鹤楼科技园（集团）有限公司,国企,1000-5000人,多元化业务集团公司,08-15
软件工程师,1.5-2万/月,深圳-宝安区,深圳市东圣源达科技有限公司,民营公司,150-500人,电子技术/半导体/集成电路,08-15
嵌入式软件工程师,0.8-1.5万/月,上海,浙江我武生物科技股份有限公司,上市公司,1000-5000人,制药/生物工程,08-15
电子软件工程师,1-2万/月,嘉兴,浙江美大实业股份有限公司,上市公司,1000-5000人,家具/家电/玩具/礼品,08-15
嵌入式LINUX/OPENWRT软件开发工程师,1.5-3万/月,深圳-宝安区,思翼科技（深圳）有限公司,民营公司,少于50人,电子技术/半导体/集成电路,08-15
嵌入式软件工程师,1-3万/月,上海-金山区,蓝海智能科技有限公司,国企,50-150人,电子技术/半导体/集成电路,08-15
电子软件开发工程师（单片机）,1-2万/月,深圳-南山区,增你强（深圳）科技有限公司,上市公司,150-500人,电子技术/半导体/集成电路,08-15
高级软件工程师,1.8-2.5万/月,昆山,优瑞玛特合心（上海）自动化科技有限公司,合资,50-150人,汽车,08-15
C++音视频中高级软件开发工程师,1-2万/月,成都,成都叁体视讯科技有限公司,民营公司,少于50人,计算机软件,08-15
软件工程师,1-1.5万/月,上海-嘉定区,上海采起电子技术服务有限公司,民营公司,少于50人,电子技术/半导体/集成电路,08-15
单片机软件工程师,0.8-1.3万/月,南京-浦口区,江苏博纳雨田通信电子有限公司,民营公司,少于50人,电子技术/半导体/集成电路,08-15
嵌入式软件工程师,0.9-1.8万/月,深圳-光明区,深圳思凯测试技术有限公司,民营公司,50-150人,仪器仪表/工业自动化,08-15
软件工程师（IT系统开发）,0.8-1.2万/月,南京-江宁区,汉桑（南京）科技有限公司,外资（非欧美）,1000-5000人,电子技术/半导体/集成电路,08-15
无线通讯软件工程师,1.2-2万/月,南京-雨花台区,富士康（南京）通讯有限公司,外资（非欧美）,150-500人,通信/电信/网络设备,08-15
QT软件开发工程师,0.8-2万/月,成都-高新区,成都睿芯行科技有限公司,民营公司,少于50人,电子技术/半导体/集成电路,08-15
软件工程师（调度系统）,1-1.5万/月,西安-经济技术开发区,西安达升科技股份有限公司,民营公司,少于50人,电子技术/半导体/集成电路,08-15
QT C/C++软件工程师,1-1.5万/月,长沙-长沙县,湖南中力皓电子科技有限公司,民营公司,50-150人,计算机硬件,08-15
软件开发工程师,1.5-2万/月,上海-浦东新区,恒意得机器视觉,民营公司,50-150人,计算机服务(系统、数据服务、维修),08-15
Linux C软件工程师,0.7-1.5万/月,上海-浦东新区,上海金电网安科技有限公司,民营公司,50-150人,通信/电信/网络设备,08-15
高级GIS软件开发工程师,20-30万/年,深圳-南山区,测绘遥感信息工程国家重点实验室深圳研发中心,事业单位,少于50人,学术/科研,08-15
嵌入式软件工程师,0.6-1.2万/月,徐州-铜山区,江苏鸿鹄安全科技有限公司,民营公司,少于50人,电子技术/半导体/集成电路,08-15
软件工程师,1-1.3万/月,杭州-西湖区,上海昊视信息科技有限公司,民营公司,少于50人,计算机软件,08-15
嵌入式软件工程师,1-1.5万/月,南京-栖霞区,南京洛吉克电子科技有限公司,民营公司,少于50人,电子技术/半导体/集成电路,08-15
软件开发工程师 python/C#/js,18-36万/年,上海,上海东软载波微电子有限公司,民营公司,150-500人,电子技术/半导体/集成电路,08-15
嵌入式软件工程师,0.8-1.2万/月,深圳-宝安区,哈勃智能传感（深圳）有限公司,民营公司,少于50人,电子技术/半导体/集成电路,08-15
软件工程师,1.2-1.8万/月,上海-徐汇区,上海美杰医疗科技有限公司,创业公司,少于50人,医疗设备/器械,08-15
软件开发工程师,1.5-2万/月,苏州-工业园区,苏州迪泰奇自动化科技有限公司,民营公司,50-150人,机械/设备/重工,08-15
视觉软件工程师,1-1.5万/月,东莞-南城区,东莞市傲通精密技术有限公司,民营公司,少于50人,仪器仪表/工业自动化,08-15
协议软件开发工程师,0.8-1.6万/月,成都-青羊区,深圳市风云实业有限公司,民营公司,150-500人,通信/电信/网络设备,08-15
嵌入式软件工程师,1.5-2.5万/月,深圳-宝安区,深圳市凯信光电有限公司,民营公司,50-150人,家具/家电/玩具/礼品,08-15
.net软件开发工程师,0.6-1万/月,长沙-天心区,北京正橹航空服务有限公司,民营公司,50-150人,酒店/旅游,08-15
软件开发工程师,15-20万/年,南昌-青山湖区,江西东锐机械有限公司,民营公司,50-150人,机械/设备/重工,08-15
嵌入式软件工程师（WIFI路由）,1-1.5万/月,深圳-南山区,深圳市意天新电子有限公司,民营公司,少于50人,电子技术/半导体/集成电路,08-15
STM32单片机嵌入式软件工程师,1-1.5万/月,上海-普陀区,上海凌世电磁技术有限公司,民营公司,50-150人,仪器仪表/工业自动化,08-15
嵌入式软件工程师,0.6-1.5万/月,青岛-李沧区,青岛安森克电子有限公司,民营公司,少于50人,电子技术/半导体/集成电路,08-15
软件工程师,0.7-1万/月,扬州,江苏笛莎公主文化创意产业有限公司,民营公司,500-1000人,互联网/电子商务,08-15
蓝牙耳机软件工程师（急聘）,1-3万/月,深圳-罗湖区,深圳市成研科技有限公司,民营公司,150-500人,贸易/进出口,08-15
嵌入式软件工程师,1-1.5万/月,深圳-宝安区,深圳市电应普科技有限公司,民营公司,150-500人,电子技术/半导体/集成电路,08-15
软件工程师C#、.net、,0.6-1.3万/月,青岛-崂山区,青岛海讯数字科技有限公司,民营公司,150-500人,计算机服务(系统、数据服务、维修),08-15
软件开发工程师,1.5-2万/月,上海-闵行区,上海红阵信息科技有限公司,民营公司,少于50人,计算机软件,08-15
嵌入式软件工程师,1-2万/月,深圳-南山区,深圳市沃达孚科技有限公司,民营公司,50-150人,通信/电信运营、增值服务,08-15
软件开发工程师(002219),1-1.5万/月,重庆-璧山区,重庆康佳光电技术研究院有限公司,国企,500-1000人,电子技术/半导体/集成电路,08-15
嵌入式软件工程师,0.6-1.5万/月,上海-闵行区,上海华镇电子科技有限公司,民营公司,少于50人,电子技术/半导体/集成电路,08-15
五险+软件工程师,0.8-1万/月,广州-南沙区,广州星河软件科技有限公司,民营公司,少于50人,计算机软件,08-15
嵌入式软件工程师,1-2万/月,上海-宝山区,上海鼎经自动化科技股份有限公司,民营公司,50-150人,仪器仪表/工业自动化,08-15
软件开发工程师-嵌入式方向,1-2万/月,上海,上海御渡半导体科技有限公司,民营公司,50-150人,电子技术/半导体/集成电路,08-15
软件开发工程师（全栈）,1.5-2万/月,珠海-珠海高新区,珠海泰斗云科技有限公司,民营公司,50-150人,计算机软件,08-15
嵌入式软件开发工程师（视频监控/流媒体传输方向）,3-4万/月,深圳-南山区,深圳市丛文安全电子有限公司,民营公司,50-150人,计算机软件,08-15
嵌入式软件工程师,0.7-1.5万/月,西安-雁塔区,西安中飞航空测试技术发展有限公司,国企,50-150人,航天/航空,08-15
嵌入式软件工程师,20-40万/年,上海-闵行区,上海路歌信息技术有限公司,民营公司,50-150人,仪器仪表/工业自动化,08-15
嵌入式软件工程师,10-15万/年,苏州-高新区,苏州巨目光学科技有限公司,外资（非欧美）,50-150人,电子技术/半导体/集成电路,08-15
嵌入式软件工程师,1-2万/月,苏州,凯迪吸尘器（苏州）有限公司,外资（欧美）,50-150人,家具/家电/玩具/礼品,08-15
软件工程师,0.7-2万/月,东莞-寮步镇,深圳市鑫信腾科技股份有限公司,民营公司,500-1000人,机械/设备/重工,08-15
嵌入式软件工程师,1.3-2.6万/月,南京-江宁区,广州海格通信集团股份有限公司南京研究所,上市公司,50-150人,通信/电信/网络设备,08-15
软件工程师,0.5-1万/月,杭州,杭州广安汽车电器有限公司,民营公司,150-500人,汽车,08-15
BMS软件工程师,2-2.5万/月,南京-江宁区,澄瑞电力科技（上海）有限公司南京分公司,民营公司,50-150人,新能源,08-15
软件开发工程师,1-1.5万/月,苏州-高新区,苏州信颐系统集成有限公司,民营公司,50-150人,建筑/建材/工程,08-15
高级嵌入式软件工程师,0.8-1.5万/月,长沙-开福区,湖南四灵电子科技有限公司,民营公司,少于50人,电子技术/半导体/集成电路,08-15
Winform/Asp.net 软件开发工程师 ( C/S ),0.8-1.6万/月,广州-黄埔区,广东商基网络科技有限公司,民营公司,50-150人,计算机软件,08-15
嵌入式软件工程师,1.2-1.8万/月,深圳,深圳市太美亚电子科技有限公司,民营公司,500-1000人,电子技术/半导体/集成电路,08-15
全栈软件开发工程师,2-2.5万/月,武汉-东湖新技术产业开发区,北京清环智慧水务科技有限公司,民营公司,50-150人,仪器仪表/工业自动化,08-15
软件工程师,1.2-1.5万/月,南京-浦口区,南京天奥医疗仪器制造有限公司,民营公司,150-500人,医疗设备/器械,08-15
嵌入式软件工程师(C语言),1.2-2.2万/月,上海,上海华元创信软件有限公司,国企,50-150人,计算机软件,08-15
嵌入式软件工程师,1-2.5万/月,上海,上海拓仓科技有限公司,民营公司,少于50人,通信/电信/网络设备,08-15
软件工程师JAVA,0.8-1万/月,无锡,江苏新道格自控科技有限公司,国企,,政府/公共事业,08-15
C#软件工程师,1-1.5万/月,上海-浦东新区,翌颖科技（上海）有限公司,民营公司,少于50人,电子技术/半导体/集成电路,08-15
高级软件工程师,20-30万/年,北京,北京东西分析仪器有限公司,民营公司,150-500人,仪器仪表/工业自动化,08-15
wms软件工程师,1-2万/月,长沙-长沙县,湖南蓝天智能物流装备有限公司,民营公司,150-500人,机械/设备/重工,08-15
软件工程师,0.8-1.5万/月,苏州-工业园区,旺塔琦智能科技（苏州）有限公司,民营公司,少于50人,仪器仪表/工业自动化,08-15
软件工程师2,0.6-1万/月,深圳-宝安区,深圳市海恒通科技有限公司,民营公司,50-150人,电子技术/半导体/集成电路,08-15
后端软件开发工程师,1.2-1.8万/月,上海-浦东新区,上海博奇汽车技术有限公司,民营公司,150-500人,汽车,08-15
软件工程师,0.8-1.5万/月,镇江-丹徒区,镇江原轼新型材料有限公司,民营公司,150-500人,原材料和加工,08-15
嵌入式软件工程师,0.8-1.5万/月,武汉-东湖新技术产业开发区,矽恩微电子（厦门）有限公司,外资（欧美）,500-1000人,电子技术/半导体/集成电路,08-15
嵌入式软件工程师,1.2-2万/月,深圳-南山区,深圳华云时空技术有限公司,民营公司,少于50人,电子技术/半导体/集成电路,08-15
软件工程师,0.8-2万/月,昆山,昆山阿普顿自动化系统有限公司,外资（非欧美）,150-500人,仪器仪表/工业自动化,08-15
桌面软件工程师,0.8-1万/月,杭州-滨江区,杭州衣爱诚品服饰有限公司,民营公司,150-500人,服装/纺织/皮革,08-15
软件工程师,1.2-2.5万/月,深圳-南山区,深圳瑞光康泰科技有限公司,民营公司,150-500人,医疗设备/器械,08-15
软件工程师,1.5-2.5万/月,武汉-江夏区,熵智科技（深圳）有限公司,创业公司,50-150人,仪器仪表/工业自动化,08-15
软件工程师（工业控制方向）/上位机,1-1.5万/月,上海-松江区,上海责信智能科技有限公司,民营公司,少于50人,仪器仪表/工业自动化,08-15
机器视觉软件工程师,0.7-1.4万/月,深圳-龙华区,深圳市颉立德智能科技有限公司,民营公司,50-150人,仪器仪表/工业自动化,08-15
嵌入式软件工程师,0.5-1.5万/月,无锡-滨湖区,元点（无锡）通信工程有限公司,民营公司,少于50人,电子技术/半导体/集成电路,08-15
嵌入式软件开发工程师,1.2-1.6万/月,西安-雁塔区,希尔思仪表（深圳）有限公司,外资（欧美）,50-150人,仪器仪表/工业自动化,08-15
软件工程师,0.8-1.2万/月,成都-金牛区,四川拜安科技有限公司,民营公司,50-150人,仪器仪表/工业自动化,08-15
嵌入式软件工程师,0.9-1.2万/月,中山-东凤镇,中山市新桂数控科技有限公司,民营公司,少于50人,仪器仪表/工业自动化,08-15
软件开发工程师,1.5-2.5万/月,宁波-鄞州区,宁波长壁流体动力科技有限公司,民营公司,150-500人,机械/设备/重工,08-15
嵌入式软件工程师,1-2万/月,上海-嘉定区,上海王力电子电器有限公司,外资（非欧美）,50-150人,汽车,08-15
软件工程师/DSP单片机工程师,0.8-2万/月,合肥-瑶海区,合肥沣林电子科技有限公司,民营公司,少于50人,电子技术/半导体/集成电路,08-15
软件开发工程师（可应届生）,4.5-9千/月,深圳-龙岗区,深圳市威尔健康管理科技有限公司,民营公司,50-150人,计算机软件,08-15
QT软件工程师,0.5-1万/月,宁波-鄞州区,奥影检测科技（上海）有限公司,民营公司,少于50人,仪器仪表/工业自动化,08-15
嵌入式软件开发工程师,1.2-2万/月,无锡,无锡安邦电气股份有限公司,民营公司,150-500人,电子技术/半导体/集成电路,08-15
视觉软件开发工程师,1-1.5万/月,苏州-吴中区,苏州弗兰克自动化设备有限公司,民营公司,少于50人,计算机软件,08-15
软件工程师,0.8-1.5万/月,东莞-寮步镇,广东雅思电子有限公司,民营公司,500-1000人,家具/家电/玩具/礼品,08-15
软件工程师,0.9-1.3万/月,东莞-寮步镇,广东威尔华电气有限公司,民营公司,50-150人,电气/电力/水利,08-15
应用层开发软件工程师,0.9-1.5万/月,上海-嘉定区,上海首智新能源科技有限公司,民营公司,50-150人,汽车,08-15
高薪嵌入式软件工程师,0.9-1.8万/月,深圳,深圳市迈悦科技有限公司,民营公司,少于50人,电子技术/半导体/集成电路,08-15
嵌入式软件工程师,0.5-1.2万/月,广州-黄埔区,广州莲雾科技有限公司,民营公司,少于50人,通信/电信/网络设备,08-15
嵌入式软件工程师,1.3-2.2万/月,深圳-龙华区,深圳市康凯铭科技有限公司,民营公司,50-150人,贸易/进出口,08-15
嵌入式软件工程师,0.5-1万/月,广州-海珠区,广州零六光电设备有限公司,民营公司,50-150人,电子技术/半导体/集成电路,08-15
嵌入式软件工程师,1.5-3万/月,杭州-临安区,万马奔腾新能源产业集团有限公司,上市公司,500-1000人,新能源,08-15
软件工程师（惠州工作）,1-1.8万/月,惠州-仲恺区,深圳市联君科技股份有限公司,民营公司,50-150人,机械/设备/重工,08-15
高级软件开发工程师,1.8-2.5万/月,珠海-珠海高新区,珠海市金锐电力科技有限公司,民营公司,少于50人,电气/电力/水利,08-15
嵌入式软件工程师,0.8-1.5万/月,深圳-宝安区,深圳市汉欣诺电子有限公司,民营公司,少于50人,电子技术/半导体/集成电路,08-15
.NET软件开发工程师,1-1.5万/月,深圳-南山区,深圳市轩辕条码技术有限公司,民营公司,50-150人,计算机软件,08-15
机器视觉软件工程师,1.5-3万/月,深圳-宝安区,深圳市兴禾自动化股份有限公司,民营公司,500-1000人,机械/设备/重工,08-15
嵌入式软件工程师,1.5-2.5万/月,深圳-宝安区,格睿通智能科技（深圳）有限公司,国企,50-150人,电子技术/半导体/集成电路,08-15
嵌入式软件工程师,1.5-2.5万/月,深圳-福田区,深圳市东方时通科技发展有限公司,民营公司,50-150人,医疗设备/器械,08-15
嵌入式软件工程师,1-2万/月,杭州-余杭区,杭州魔点科技有限公司,民营公司,150-500人,计算机服务(系统、数据服务、维修),08-15
C#软件开发工程师,0.8-1.5万/月,深圳-龙华区,深圳市金龙锋科技有限公司,民营公司,少于50人,计算机软件,08-15
Java后端软件工程师,1-1.5万/月,深圳-南山区,北京中置科技有限公司,民营公司,50-150人,互联网/电子商务,08-15
软件工程师,6-9千/月,苏州-工业园区,苏州新世纪儿童医院有限公司,民营公司,150-500人,医疗/护理/卫生,08-15
嵌入式软件工程师（驱动）,1-3万/月,上海-闵行区,上海匠岩智能科技有限公司,民营公司,150-500人,计算机软件,08-15
软件工程师,1-1.5万/月,南京-栖霞区,南京高华科技股份有限公司,民营公司,150-500人,仪器仪表/工业自动化,08-15
Linux软件工程师,1.5-2万/月,北京,北京智芯微电子科技有限公司,国企,500-1000人,电子技术/半导体/集成电路,08-15
诚聘软件工程师,6-8千/月,成都-郫都区,四川科斯特自动化设备有限公司,民营公司,少于50人,机械/设备/重工,08-15
软件工程师,0.5-1万/月,沈阳-于洪区,沈阳航科瑞祥科技有限公司,民营公司,少于50人,计算机软件,08-15
电子软件工程师,4.5-6千/月,沈阳,沈阳辉浩科技有限公司,民营公司,150-500人,互联网/电子商务,08-15
嵌入式软件开发工程师,1.5-2.5万/月,上海-徐汇区,瀚湄信息科技（上海）有限公司,创业公司,少于50人,医疗设备/器械,08-15
C/C++ 软件工程师（主机加固）,1-2.2万/月,西安-雁塔区,北京优炫软件股份有限公司,民营公司,1000-5000人,计算机软件,08-15
软件工程师,1.5-3万/月,上海,上海朗仕电子设备有限公司,外资（欧美）,150-500人,仪器仪表/工业自动化,08-15
高级嵌入式软件开发工程师,2-4万/月,上海-浦东新区,深圳天地宽视信息科技有限公司上海分公司,民营公司,500-1000人,电子技术/半导体/集成电路,08-15
软件开发工程师,1-1.5万/月,杭州-西湖区,杭州奔月科技有限公司,民营公司,50-150人,机械/设备/重工,08-15
嵌入式软件工程师,0.9-1.6万/月,广州,广州广有通信设备有限公司,国企,150-500人,通信/电信/网络设备,08-15
高级软件工程师,30-40万/年,苏州-相城区,苏州振畅智能科技有限公司,民营公司,50-150人,计算机软件,08-15
JAVA高级软件开发工程师（互联网）,1.5-1.8万/月,广州,广州天源信息科技股份有限公司,民营公司,50-150人,计算机软件,08-15
自动化软件工程师,0.8-1.6万/月,北京-海淀区,西克麦哈克中国,外资（欧美）,150-500人,仪器仪表/工业自动化,08-15
软件开发工程师,12-20万/年,成都,成都优仿科技有限公司,民营公司,少于50人,计算机软件,08-15
软件工程师,0.8-1万/月,北京,中国国际电子商务有限公司,事业单位,500-1000人,互联网/电子商务,08-15
控制软件工程师,1.5-2万/月,上海-浦东新区,上海微创医疗机器人（集团）股份有限公司,合资,500-1000人,医疗设备/器械,08-15
视觉软件工程师,1.5-3万/月,深圳-光明区,深圳市博林鑫实业有限公司,民营公司,50-150人,机械/设备/重工,08-15
软件工程师,1-3万/月,深圳-龙岗区,深圳市省油灯网络科技有限公司,民营公司,50-150人,电子技术/半导体/集成电路,08-15
QT（C++方向）软件工程师,0.8-1.3万/月,广州-黄埔区,施德朗（广州）电气科技有限公司,外资（非欧美）,50-150人,电子技术/半导体/集成电路,08-15
高级软件开发工程师,1-1.8万/月,无锡-梁溪区,软科动力信息技术无锡有限公司,民营公司,少于50人,计算机软件,08-15
嵌入式软件工程师/单片机工程师,0.5-1.2万/月,广州-黄埔区,广州芯朋科技有限公司,民营公司,少于50人,通信/电信/网络设备,08-15
软件工程师,1.4-2万/月,上海-长宁区,蔚海光学仪器（上海）有限公司,外资（欧美）,50-150人,仪器仪表/工业自动化,08-15
嵌入式软件工程师,1-3万/月,上海-闵行区,上海朔尚电子科技有限公司,民营公司,50-150人,通信/电信/网络设备,08-15
软件工程师,0.6-1.2万/月,大连-甘井子区,大连连城数控机器股份有限公司,上市公司,500-1000人,机械/设备/重工,08-15
相干光模块软件开发工程师,3-4万/月,深圳-宝安区,深圳市易飞扬通信技术有限公司,民营公司,500-1000人,通信/电信/网络设备,08-15
嵌入式软件开发工程师（MCU方向）,1-1.8万/月,成都,成都运达科技股份有限公司,上市公司,500-1000人,计算机软件,08-15
软件工程师,1-1.5万/月,成都-高新区,成都斯普奥汀科技有限公司,民营公司,50-150人,电子技术/半导体/集成电路,08-15
嵌入式软件工程师,0.8-1.5万/月,济南-高新区,济南腾越电子有限公司,上市公司,50-150人,电子技术/半导体/集成电路,08-15
Java高级软件工程师,1-1.5万/月,上海-闵行区,上海耀亚信息科技有限公司,民营公司,少于50人,计算机软件,08-15
对日软件工程师（正社员）,2.5-3万/月,上海,吉本软件（上海）有限公司,外资（非欧美）,50-150人,计算机软件,08-15
嵌入式软件工程师 (周未双休),0.8-1.3万/月,深圳-福田区,深圳亦深电子有限公司,民营公司,少于50人,家具/家电/玩具/礼品,08-15
软件开发工程师,1-1.5万/月,北京,北京航天爱锐科技有限责任公司,国企,150-500人,航天/航空,08-15
软件工程师,0.8-1万/月,广州-番禺区,广州阿路比电子科技有限公司,合资,少于50人,电子技术/半导体/集成电路,08-15
软件工程师,1-1.5万/月,东莞-长安镇,东莞景丰塑胶制品有限公司,民营公司,1000-5000人,原材料和加工,08-15
软件工程师,0.6-1.5万/月,西安-高新技术产业开发区,西安天成益邦电子科技有限公司,民营公司,150-500人,计算机硬件,08-15
.net软件开发工程师,0.8-1.5万/月,无锡,无锡企创信息技术有限公司,民营公司,少于50人,计算机软件,08-15
Java软件开发工程师,6-8千/月,天津-南开区,天津市万合伟业信息技术发展有限公司,民营公司,少于50人,互联网/电子商务,08-15
软件工程师,0.6-1.5万/月,上海-松江区,炫途储能科技（上海）有限公司,民营公司,50-150人,电子技术/半导体/集成电路,08-15
高级软件工程师,30-45万/年,上海-浦东新区,上海朱光亚战略科技研究院,事业单位,50-150人,学术/科研,08-15
Android framework软件开发工程师,2-2.5万/月,杭州-余杭区,杭州昼光科技有限公司,民营公司,少于50人,电子技术/半导体/集成电路,08-15
嵌入式软件工程师,12-24万/年,武汉-武汉经济开发区,十堰车仪电子科技有限公司,民营公司,150-500人,仪器仪表/工业自动化,08-15
软件工程师,1.2-1.6万/月,深圳-宝安区,深圳市汇影科技有限公司,创业公司,少于50人,电子技术/半导体/集成电路,08-15
嵌入式软件工程师,0.9-1.8万/月,重庆-南岸区,重庆美顺电子科技有限公司,民营公司,50-150人,电子技术/半导体/集成电路,08-15
应用软件开发工程师（Windows/Android/Linux/IOS）,1.5-2.5万/月,南京,南京沁恒微电子股份有限公司,民营公司,150-500人,电子技术/半导体/集成电路,08-15
嵌入式软件工程师,1.5-2.5万/月,南京-浦口区,南京康友医疗科技有限公司,合资,150-500人,医疗设备/器械,08-15
高薪诚聘软件工程师.net,0.8-1万/月,济南-高新区,山东上正信息科技有限公司,民营公司,50-150人,计算机软件,08-15
软件开发工程师   五险一金,0.6-1.2万/月,宿迁,江苏宏芯亿泰智能装备有限公司,民营公司,50-150人,仪器仪表/工业自动化,08-15
嵌入式软件工程师,1.5-2万/月,南京-雨花台区,宜矽源半导体南京有限公司,民营公司,少于50人,电子技术/半导体/集成电路,08-15
单片机软件工程师,1-1.5万/月,深圳-南山区,深圳市品思达科技有限公司,民营公司,少于50人,电子技术/半导体/集成电路,08-15
java软件工程师,1.5-2万/月,深圳-龙华区,中安创科（深圳）技术有限公司,民营公司,少于50人,计算机软件,08-15
上位机软件工程师,1.5-2.5万/月,深圳-宝安区,深圳优迪生物技术有限公司,民营公司,50-150人,医疗设备/器械,08-15
软件工程师.net   东方捷码,1-1.5万/月,北京,中国物品编码中心,事业单位,150-500人,政府/公共事业,08-15
C++软件工程师,1-1.5万/月,上海-浦东新区,上海纳轩电子科技有限公司,民营公司,少于50人,通信/电信/网络设备,08-15
嵌入式软件工程师,0.8-2万/月,东莞-松山湖区,东莞市创明福兴电子科技有限公司,民营公司,150-500人,新能源,08-15
单片机软件开发工程师,0.8-1.5万/月,西安-雁塔区,西安海联石化科技有限公司,民营公司,少于50人,仪器仪表/工业自动化,08-15
嵌入式软件工程师,0.6-1.2万/月,天津-河西区,天津富瑞福莱科技发展有限公司,民营公司,少于50人,仪器仪表/工业自动化,08-15
QT软件开发工程师,0.8-1.5万/月,北京-海淀区,北京时代亿信科技股份有限公司,民营公司,150-500人,计算机软件,08-15
上位机软件工程师,1-1.5万/月,上海-闵行区,上海轩田工业设备有限公司,民营公司,150-500人,机械/设备/重工,08-15
ASP.NET软件工程师,1-3万/月,深圳-宝安区,深圳市俊海思创科技开发有限公司,民营公司,少于50人,计算机软件,08-15
软件工程师（监理）,4.5-6千/月,青岛-崂山区,山东正中信息技术股份有限公司青岛分公司,国企,少于50人,计算机软件,08-15
嵌入式软件工程师,0.7-1.2万/月,武汉-洪山区,武汉迪凯光电科技有限公司,民营公司,少于50人,仪器仪表/工业自动化,08-15
软件开发工程师,0.5-1万/月,东莞-凤岗镇,东莞市优蝶软件有限公司,民营公司,少于50人,计算机软件,08-15
嵌入式软件工程师,0.6-1.2万/月,江门-蓬江区,江门市蒙德电气股份有限公司,上市公司,150-500人,电子技术/半导体/集成电路,08-15
嵌入式软件工程师,0.6-1万/月,潍坊,浙江三青环保科技有限公司,民营公司,50-150人,环保,08-15
软件工程师,1-2.5万/月,长沙-雨花区,长沙优来电子科技有限公司,民营公司,50-150人,汽车,08-15
软件开发工程师,0.8-1万/月,合肥-蜀山区,合肥泰达光电科技有限公司,民营公司,少于50人,仪器仪表/工业自动化,08-15
软件工程师,20-40万/年,杭州-上城区,杭州安誉科技有限公司,民营公司,50-150人,医疗设备/器械,08-15
嵌入式软件开发工程师,1-1.5万/月,温州,浙江锦佳汽车零部件有限公司,民营公司,150-500人,汽车,08-15
软件工程师（MES）,0.8-1.5万/月,上海-松江区,上海奇灏特自动化工程有限公司,民营公司,50-150人,仪器仪表/工业自动化,08-15
软件工程师,6-8千/月,常州-天宁区,常州公路运输集团有限公司,民营公司,1000-5000人,交通/运输/物流,08-15
嵌入式软件开发工程师,1-2万/月,南京,南京亚电电力自动化有限公司,民营公司,150-500人,电气/电力/水利,08-15
高级软件工程师（.net/C/C++）,20-30万/年,上海-闵行区,上海汇像信息技术有限公司,民营公司,50-150人,仪器仪表/工业自动化,08-15
软件开发工程师,1-1.5万/月,北京-昌平区,艾吉泰康生物科技（北京）有限公司,民营公司,50-150人,制药/生物工程,08-15
.NET开发工程师/软件工程师,0.7-1.2万/月,苏州,瑞泰信息技术有限公司,民营公司,150-500人,计算机软件,08-15
软件工程师（底薪6K+五险+双休）,6-8千/月,武汉,武汉市海维鑫科技有限公司,民营公司,少于50人,电子技术/半导体/集成电路,08-15
Java中级软件工程师,1-1.5万/月,北京-昌平区,北京安富通科技有限公司,民营公司,少于50人,计算机软件,08-15
软件工程师/嵌入式软件工程师,1-2万/月,深圳-龙华区,深圳市极光尔沃科技股份有限公司,民营公司,150-500人,仪器仪表/工业自动化,08-15
电子软件工程师,0.6-2万/月,宁波,宁波秉航科技集团有限公司,外资（欧美）,1000-5000人,家具/家电/玩具/礼品,08-15
C#/C#开发工程师/软件工程师,1-2万/月,上海-闵行区,上海佑创信息工程有限公司,民营公司,少于50人,计算机软件,08-15
嵌入式软件工程师,1-1.5万/月,深圳-南山区,深圳市迈普视通科技有限公司,民营公司,150-500人,电子技术/半导体/集成电路,08-15
软件工程师,0.5-1.5万/月,南宁,广西峰和云启文化投资有限公司,创业公司,50-150人,房地产,08-15
Android/安卓 软件开发工程师,1.4-2.2万/月,深圳-南山区,深圳市智能体科技有限公司,民营公司,少于50人,电子技术/半导体/集成电路,08-15
嵌入式软件工程师,0.8-1.5万/月,苏州,苏州工业园区慧鱼科技有限公司,民营公司,少于50人,电子技术/半导体/集成电路,08-15
嵌入式软件工程师,1-2万/月,广州-黄埔区,广州信位通讯科技有限公司,民营公司,50-150人,通信/电信/网络设备,08-15
电子软件工程师-Senior Software Engineer,15-20万/年,青岛,尼得科电机（青岛）有限公司,外资（欧美）,500-1000人,机械/设备/重工,08-15
单片机软件工程师(双休，包吃包住),0.5-1万/月,东莞,东莞市美派电子科技有限公司,民营公司,少于50人,电子技术/半导体/集成电路,08-15
软件工程师,0.8-2万/月,泰州,江苏世冠自动化设备有限公司,民营公司,50-150人,仪器仪表/工业自动化,08-15
GIS软件开发工程师/五险一金/周末双休,0.7-1.4万/月,广州-天河区,广东绘宇智能勘测科技有限公司,上市公司,500-1000人,计算机服务(系统、数据服务、维修),08-15
嵌入式软件工程师,1.5-2万/月,深圳,深圳市友宏科技有限公司,民营公司,150-500人,电子技术/半导体/集成电路,08-15
高级嵌入式软件工程师,1.5-2.5万/月,南京-鼓楼区,南京荣飞科技股份有限公司,民营公司,50-150人,计算机软件,08-15
高级软件工程师 (C#方向),1-2万/月,西安-碑林区,陕西长通科技有限公司,民营公司,少于50人,计算机软件,08-15
软件工程师（C/C++）可应届生,0.8-1.2万/月,苏州-工业园区,中磊电子（苏州）有限公司,外资（非欧美）,1000-5000人,通信/电信/网络设备,08-15
软件开发工程师（急聘）,0.9-1.3万/月,长沙,百令信息科技（上海）有限公司,民营公司,50-150人,互联网/电子商务,08-15
Java中高级软件工程师,0.8-1.5万/月,南京-秦淮区,南京炬塔信息技术有限公司,民营公司,少于50人,计算机软件,08-15
NX高级软件工程师,1.5-2万/月,武汉-洪山区,武汉华锋惠众科技有限公司,民营公司,少于50人,计算机软件,08-15
C/C++软件开发工程师（Linux),1-1.5万/月,武汉-江夏区,武汉华工安鼎信息技术有限责任公司,国企,50-150人,计算机软件,08-15
JAVA软件工程师,1-2万/月,上海-浦东新区,上海清裔钲商务咨询有限公司,合资,少于50人,计算机软件,08-15
java 软件开发工程师,0.6-1.2万/月,无锡,无锡安真通科技有限公司,民营公司,50-150人,计算机软件,08-15
嵌入式软件工程师,1.2-1.8万/月,深圳-宝安区,深圳市轻生活科技有限公司,民营公司,50-150人,互联网/电子商务,08-15
高级JAVA软件开发工程师,1-2万/月,上海-浦东新区,上海问世信息科技有限公司,创业公司,50-150人,通信/电信运营、增值服务,08-15
Android软件工程师,1-2万/月,上海-普陀区,上海耀斑信息科技有限公司,民营公司,少于50人,计算机软件,08-15
单片机/嵌入式软件工程师,1-1.6万/月,上海-松江区,真诺测量仪表（上海）有限公司,外资（欧美）,500-1000人,仪器仪表/工业自动化,08-15
安卓应用软件开发工程师,0.8-1.5万/月,南京-雨花台区,南京方新智能科技有限公司,民营公司,少于50人,计算机软件,08-15
软件开发工程师,1-1.5万/月,苏州,苏州晟成光伏设备有限公司,上市公司,500-1000人,机械/设备/重工,08-15
软件工程师,5-6.5千/月,苏州-吴江区,群光电子(苏州)有限公司,外资（非欧美）,10000人以上,电子技术/半导体/集成电路,08-15
JAVA软件工程师,0.8-1万/月,西安,西安凯虹电子科技有限公司,民营公司,50-150人,电子技术/半导体/集成电路,08-15
C++软件工程师,0.7-1万/月,武汉-洪山区,武汉市瑞思信息技术有限公司,民营公司,50-150人,计算机软件,08-15
机器视觉软件工程师,1.2-2万/月,深圳-龙华区,深圳市佳康捷科技有限公司,民营公司,50-150人,仪器仪表/工业自动化,08-15
嵌入式软件开发工程师,1-2万/月,深圳-南山区,深圳市微科通讯设备有限公司,民营公司,150-500人,通信/电信/网络设备,08-15
java软件开发工程师,0.9-1.3万/月,西安-高新技术产业开发区,威发（西安）软件有限公司,外资（非欧美）,150-500人,计算机软件,08-15
软件工程师,0.5-1.2万/月,合肥,安徽汇智信息技术有限公司,民营公司,50-150人,计算机软件,08-15
高级软件工程师(C#),0.8-1.5万/月,深圳,傲讯全通科技（深圳）有限公司,外资（非欧美）,50-150人,计算机软件,08-15
嵌入式软件工程师,1.2-2.4万/月,深圳-龙岗区,深圳市明日实业有限责任公司,上市公司,150-500人,电子技术/半导体/集成电路,08-15
Java软件工程师（Java Software Engineer）,1.5-1.8万/月,上海-徐汇区,上海途程旅游咨询有限公司,外资（欧美）,50-150人,计算机软件,08-15
JAVA软件工程师,0.7-1.2万/月,广州-番禺区,广州市科进计算机技术有限公司,外资（非欧美）,150-500人,计算机软件,08-15
单片机软件工程师,0.8-1.5万/月,深圳,深圳市美力高集团有限公司,民营公司,150-500人,多元化业务集团公司,08-15
软件工程师(PC）,1-1.5万/月,苏州,苏州慧捷自动化科技有限公司,民营公司,少于50人,仪器仪表/工业自动化,08-15
Android系统驱动软件工程师,10-15万/年,上海-闵行区,上海甲金通信科技有限公司,民营公司,50-150人,通信/电信/网络设备,08-15
软件工程师（电机控制）,1-1.5万/月,南京-江宁区,南京飞洋汽车电子有限责任公司,民营公司,50-150人,电子技术/半导体/集成电路,08-15
软件工程师,1-1.5万/月,苏州,嘉基电子科技（苏州）有限公司,合资,1000-5000人,电子技术/半导体/集成电路,08-15
VB软件工程师,0.7-1.4万/月,广州-天河区,货宝宝网络科技有限公司,民营公司,50-150人,互联网/电子商务,08-15
C++软件工程师/界面开发工程师,1.1-2万/月,南京-江北新区,江苏霆升科技有限公司,民营公司,少于50人,医疗设备/器械,08-15
软件工程师（包吃住）,0.8-1.8万/月,深圳-宝安区,方博科技（深圳）有限公司,民营公司,50-150人,仪器仪表/工业自动化,08-15
嵌入式软件工程师,0.8-1万/月,成都-高新区,成都恩普生医疗科技有限公司,民营公司,50-150人,医疗设备/器械,08-15
嵌入式软件工程师(IoT),1.2-1.6万/月,广州,广州博冠光电科技股份有限公司,上市公司,150-500人,电子技术/半导体/集成电路,08-15
机器视觉工程师（软件工程师）,1-3万/月,广州-增城区,广州华研精密机械股份有限公司,民营公司,150-500人,机械/设备/重工,08-15
嵌入式软件工程师(黄埔区香雪）,0.7-1.4万/月,广州-黄埔区,炬力北方微电子有限公司,民营公司,50-150人,电子技术/半导体/集成电路,08-15
超前燃热电控软件工程师,2-3.9万/月,青岛,海尔智家股份有限公司,上市公司,10000人以上,家具/家电/玩具/礼品,08-15
应用软件开发工程师 C,1.5-2万/月,杭州-滨江区,杭州海康威视数字技术股份有限公司,上市公司,10000人以上,通信/电信/网络设备,08-15
西门子数字化工业 软件工程师（北京/西安）,1.5-2万/月,北京-朝阳区,西门子（中国）有限公司 - 工业业务领域,,,仪器仪表/工业自动化,08-15
Windows软件开发工程师,25-40万/年,上海-闵行区,微软（中国）有限公司,,500-1000人,计算机软件,08-15
高级嵌入式软件工程师（Linux平台）,,深圳,伊顿（中国）投资有限公司(EATON),外资（欧美）,10000人以上,多元化业务集团公司,08-15
JAVA软件开发工程师,10-15万/年,苏州,苏州松下生产科技有限公司,外资（非欧美）,500-1000人,机械/设备/重工,08-15
Software Engineer/软件工程师G00559,,深圳-宝安区,法雷奥汽车内部控制（深圳）有限公司,外资（欧美）,1000-5000人,汽车,08-15
仪器软件工程师,0.8-1.4万/月,深圳-盐田区,深圳华大基因科技有限公司,民营公司,5000-10000人,制药/生物工程,08-15
手机软件开发工程师,1.2-2.4万/月,武汉-洪山区,广州多益网络股份有限公司,民营公司,1000-5000人,网络游戏,08-15
高级/资深Video视频软件工程师41274829,2-4万/月,杭州-滨江区,展讯科技(杭州)有限公司,国企,150-500人,电子技术/半导体/集成电路,08-15
IT软件工程师（ERP),1.3-1.8万/月,广州,广州数控设备有限公司,民营公司,1000-5000人,机械/设备/重工,08-15
C软件开发工程师(无线协议）,1.5-2万/月,西安,大唐移动通信设备有限公司西安分公司,国企,1000-5000人,通信/电信/网络设备,08-15
c/c++软件开发工程师,0.8-2.2万/月,上海,沈机（上海）智能系统研发设计有限公司,国企,150-500人,电子技术/半导体/集成电路,08-15
软件开发工程师,1-2万/月,西安,中译语通科技（陕西）有限公司,国企,50-150人,计算机服务(系统、数据服务、维修),08-15
.NET高级软件工程师,1-1.5万/月,武汉-武昌区,上海欣电信息技术有限公司,民营公司,少于50人,计算机软件,08-15
软件开发工程师,0.5-1万/月,中山,中山贤邦制衣厂有限公司,外资（非欧美）,500-1000人,服装/纺织/皮革,08-15
软件工程师,0.8-1万/月,宁波,晟铭电子（宁波）有限公司,外企代表处,1000-5000人,计算机硬件,08-15
光模块软件工程师,0.8-1万/月,武汉-江夏区,武汉永信丰科技有限公司,民营公司,50-150人,电子技术/半导体/集成电路,08-15
软件开发工程师,6-8千/月,深圳-光明区,释能信息科技（深圳）有限公司,合资,少于50人,计算机软件,08-15
嵌入式软件工程师,1.2-2.5万/月,镇江-润州区,江苏兆能电子有限公司,民营公司,50-150人,电子技术/半导体/集成电路,08-15
嵌入式Linux软件工程师,1-1.5万/月,深圳-宝安区,深圳市欧立科技有限公司,民营公司,50-150人,计算机软件,08-15
高级嵌入式软件开发工程师,1.5-2万/月,合肥-高新区,合肥异构域数字技术有限公司,民营公司,50-150人,计算机软件,08-15
嵌入式软件工程师,1-1.7万/月,南京-玄武区,苏州东纳电子科技有限公司南京分公司,外资（非欧美）,少于50人,计算机硬件,08-15
PLC软件工程师 电器工程师,0.8-1万/月,常熟,苏州德赛斯日用品有限公司,民营公司,50-150人,服装/纺织/皮革,08-15
软件工程师,1-1.5万/月,苏州-工业园区,洪恩流体科技有限公司,民营公司,150-500人,建筑/建材/工程,08-15
高级软件工程师,1-1.5万/月,南京-江宁区,南京伯睿生命科学研究院有限公司,民营公司,少于50人,学术/科研,08-15
软件工程师,0.6-1.2万/月,保定,伯泰克汽车电子（芜湖）有限公司,外资（非欧美）,150-500人,汽车零配件,08-15
Java软件工程师,0.7-1万/月,盐城,立铠精密科技（盐城）有限公司,上市公司,10000人以上,电子技术/半导体/集成电路,08-15
上位机软件工程师（C#/C++）,1.3-1.8万/月,深圳-宝安区,深圳橙子自动化有限公司,民营公司,150-500人,仪器仪表/工业自动化,08-15
软件工程师,1-1.8万/月,南昌,江西服装学院,非营利组织,500-1000人,教育/培训/院校,08-15
C++软件工程师,1.5-3万/月,北京-海淀区,深圳市紫光同创电子有限公司,民营公司,150-500人,电子技术/半导体/集成电路,08-15
嵌入式软件工程师,1-1.5万/月,深圳-宝安区,深圳市芯伍科技有限公司,民营公司,,计算机软件,08-15
C++软件开发工程师,1.3-2万/月,广州-海珠区,广州瑞派医疗器械有限责任公司,民营公司,50-150人,医疗设备/器械,08-15
JAVA 软件工程师,0.8-1万/月,上海-静安区,上海乐盛信息系统有限公司,民营公司,少于50人,计算机软件,08-15
嵌入式软件工程师,1-1.5万/月,苏州-工业园区,苏州云图创智科技有限公司,创业公司,50-150人,机械/设备/重工,08-15
软件工程师,2-4万/月,北京,上海澳华内镜股份有限公司,合资,500-1000人,医疗设备/器械,08-15
C/C++软件开发工程师,0.7-1.2万/月,上海,永凯软件技术（上海）有限公司,外资（欧美）,50-150人,计算机软件,08-15
软件开发工程师,1.5-2万/月,北京-西城区,中经网传媒有限公司,国企,150-500人,文字媒体/出版,08-15
ERP 软件开发工程师,0.5-1万/月,苏州-工业园区,矽品科技（苏州）有限公司,外资（非欧美）,1000-5000人,电子技术/半导体/集成电路,08-15
嵌入式软件工程师-YJ,0.6-1.2万/月,广州,广州东方电科自动化有限公司,民营公司,150-500人,电气/电力/水利,08-15
软件开发工程师,2.5-3万/月,广州-黄埔区,广东卓企智能科技有限公司,民营公司,少于50人,计算机软件,08-15
软件工程师,1-1.5万/月,珠海-珠海高新区,广东新高程智能制造有限公司,民营公司,150-500人,仪器仪表/工业自动化,08-15
嵌入式软件工程师,0.9-1.8万/月,深圳-龙华区,深圳市迪维迅机电技术有限公司,民营公司,50-150人,仪器仪表/工业自动化,08-15
软件工程师,0.8-1万/月,天津,天津先进技术研究院,事业单位,150-500人,计算机软件,08-15
嵌入式软件工程师,1.5-2万/月,郑州-高新区,郑州宇晟汽车产品科技开发有限公司,民营公司,50-150人,汽车,08-15
蓝牙软件开发工程师,1.3-2.5万/月,深圳-南山区,深圳市芯盛世纪科技有限公司,民营公司,50-150人,通信/电信/网络设备,08-15
软件工程师,1.5-2万/月,福州-闽侯县,深圳市路必康实业有限公司,民营公司,150-500人,电子技术/半导体/集成电路,08-15
软件工程师,15-20万/年,宁波-奉化区,宁波波导卫星科技有限公司,民营公司,150-500人,通信/电信/网络设备,08-15
软件工程师,1.5-2万/月,东莞-松山湖区,中晟生物科技（广东）有限公司,民营公司,,计算机软件,08-15
嵌入式软件开发工程师,1.5-2万/月,深圳-南山区,广州融至益教育科技有限公司,民营公司,50-150人,计算机软件,08-15
软件工程师,0.8-1.2万/月,惠州,广东九联科技股份有限公司,上市公司,1000-5000人,电子技术/半导体/集成电路,08-15
C#软件工程师,0.8-1.5万/月,青岛-市北区,青岛四机设备工程有限公司,民营公司,150-500人,机械/设备/重工,08-15
机器人软件开发工程师,1.5-2万/月,无锡-锡山区,苏州助企荣企业信息咨询有限公司,外资（欧美）,,计算机软件,08-15
嵌入式软件工程师,0.8-1万/月,宁波-奉化区,瑞象（宁波）光学科技有限公司,民营公司,少于50人,仪器仪表/工业自动化,08-15
RPA软件开发工程师,6-8千/月,深圳-福田区,深圳市讯科龙网络技术有限公司,外资（非欧美）,50-150人,计算机软件,08-15
软件工程师,1.5-3万/月,深圳-宝安区,深圳市中讯创智科技有限公司,民营公司,少于50人,电子技术/半导体/集成电路,08-15
嵌入式软件工程师,1-1.5万/月,珠海,珠海一多监测科技有限公司,民营公司,150-500人,电子技术/半导体/集成电路,08-15
软件开发工程师,1-1.5万/月,上海,蓝聪科技（上海）股份有限公司,民营公司,少于50人,计算机软件,08-15
软件开发工程师,1-1.5万/月,深圳-宝安区,深圳市卓翼科技股份有限公司,上市公司,10000人以上,通信/电信/网络设备,08-15
软件工程师,1.5-2.5万/月,长沙-岳麓区,长沙智能驾驶研究院有限公司,合资,150-500人,计算机软件,08-15
软件工程师,6-8千/月,合肥,上海宽宝信息科技有限公司,外资（非欧美）,50-150人,计算机硬件,08-15
C# web 高级软件开发工程师,1.1-2万/月,武汉,保富达科技（武汉）有限公司,外资（欧美）,少于50人,计算机软件,08-15
C端软件工程师,1.5-2万/月,西安-碑林区,中煤科工集团西安研究院有限公司,国企,1000-5000人,学术/科研,08-15
软件开发工程师,10-15万/年,西安-国家民用航天产业基地,西安多维机器视觉检测技术有限公司,民营公司,少于50人,计算机软件,08-15
软件开发工程师,6-8千/月,贵阳,贵阳锐泰电力科技有限公司,民营公司,少于50人,电气/电力/水利,08-15
嵌入式软件工程师,1.5-2万/月,嘉兴,友邦电气（平湖）股份有限公司,民营公司,50-150人,新能源,08-15
嵌入式软件工程师,1.5-2.5万/月,杭州-余杭区,浙江诺尔康神经电子科技股份有限公司,民营公司,150-500人,医疗设备/器械,08-15
高级软件开发工程师,1.2-2万/月,广州,广州市方驰电子有限公司,民营公司,50-150人,电子技术/半导体/集成电路,08-15
软件开发工程师 月薪（15-18K）,1.5-2万/月,深圳-福田区,深圳云基智能科技有限公司,合资,150-500人,通信/电信/网络设备,08-15
电机控制软件工程师,20-30万/年,杭州-滨江区,凤凰光学股份有限公司,国企,1000-5000人,原材料和加工,08-15
软件工程师,5-8千/月,成都-金牛区,四川盖碗茶贸易集团有限公司,民营公司,150-500人,快速消费品(食品、饮料、化妆品),08-15
嵌入式软件工程师,1.5-2万/月,深圳-南山区,深圳市乐心平江科技有限公司,民营公司,少于50人,计算机软件,08-15
软件工程师,1.5-2万/月,上海-青浦区,上海普适导航科技股份有限公司,上市公司,50-150人,通信/电信运营、增值服务,08-15
BSP软件开发工程师 (MJ000422),1.5-3万/月,北京,北京东土科技股份有限公司,上市公司,500-1000人,仪器仪表/工业自动化,08-15
高级单片机软件工程师(IoT方向),20-30万/年,杭州-西湖区,浙江中正智能科技有限公司,上市公司,150-500人,电子技术/半导体/集成电路,08-15
全栈软件开发工程师,1-2万/月,广州-越秀区,广东金马领科智能科技有限公司,民营公司,150-500人,电子技术/半导体/集成电路,08-15
Java软件开发工程师,0.8-1万/月,徐州,博雅软件股份有限公司,民营公司,1000-5000人,计算机软件,08-15
嵌入式软件工程师,0.7-1.4万/月,珠海-香洲区,珠海市安科电子有限公司,民营公司,50-150人,电子技术/半导体/集成电路,08-15
嵌入式软件工程师,1-1.5万/月,深圳-宝安区,深圳市四聚通用科技有限公司,创业公司,少于50人,计算机软件,08-15
C++中级软件工程师,1.5-2万/月,广州-天河区,广州邦讯信息系统有限公司,民营公司,150-500人,通信/电信/网络设备,08-15
单片机软件工程师,1-2万/月,深圳-宝安区,深圳安智杰科技有限公司,民营公司,,计算机软件,08-15
软件开发工程师,1-1.5万/月,深圳-龙岗区,深圳市均佳机电设备有限公司,民营公司,50-150人,建筑/建材/工程,08-15
高级协议软件工程师,3-5万/月,上海-浦东新区,上海金卓网络科技有限公司,民营公司,50-150人,电子技术/半导体/集成电路,08-15
嵌入式软件工程师,0.8-1.2万/月,南通,沃太能源股份有限公司,民营公司,150-500人,新能源,08-15
Linux软件工程师,1.5-2万/月,深圳-龙华区,深圳市华高嘉科技有限公司,民营公司,少于50人,计算机软件,08-15
软件开发工程师(物联网方向),1.5-2万/月,苏州-相城区,江苏中教科信息技术有限公司,民营公司,50-150人,计算机软件,08-15
ECU软件工程师,1-1.5万/月,镇江-丹徒区,北京特高质量技术有限公司,外资（欧美）,500-1000人,汽车,08-15
软件工程师,0.8-1.5万/月,广州-黄埔区,光宝电子（广州）有限公司,外资（非欧美）,10000人以上,电子技术/半导体/集成电路,08-15
高级软件工程师,2-3.5万/月,北京,成都海光集成电路设计有限公司,民营公司,1000-5000人,电子技术/半导体/集成电路,08-15
嵌入式软件工程师,2-2.5万/月,昆山,罗森伯格技术有限公司,外资（欧美）,5000-10000人,通信/电信/网络设备,08-15
嵌入式软件工程师,1-1.6万/月,深圳-龙华区,深圳市华控智能电子科技有限公司,民营公司,少于50人,电子技术/半导体/集成电路,08-15
嵌入式软件工程师,1.5-2.5万/月,上海-静安区,上海吉电电子技术有限公司,民营公司,150-500人,仪器仪表/工业自动化,08-15
软件开发工程师,6-8千/月,杭州-钱塘区,杭州士兰集成电路有限公司,上市公司,5000-10000人,电子技术/半导体/集成电路,08-15
Java软件工程师,1.6-1.8万/月,上海-闵行区,上海嘉柏利通科技股份有限公司,民营公司,50-150人,服装/纺织/皮革,08-15
嵌入式软件工程师,0.9-1.3万/月,上海-徐汇区,上海广智技术发展有限公司,外资（非欧美）,500-1000人,通信/电信/网络设备,08-15
见习助理软件工程师,0.6-1万/月,东莞-洪梅镇,东莞市达瑞电子股份有限公司,民营公司,1000-5000人,电子技术/半导体/集成电路,08-15
软件开发工程师,0.7-1万/月,西安-哄鄙态区,新丰泰集团控股有限公司,上市公司,1000-5000人,汽车,08-15
软件工程师（H5）,6-8千/月,广州-天河区,广州谷创信息科技有限公司,民营公司,,互联网/电子商务,08-15
机器人软件工程师,1-2万/月,广州-花都区,上海察贤科技有限公司,民营公司,少于50人,计算机软件,08-15
算法/软件开发工程师（实习生）,4-8千/月,西安,西安交通大学空间视觉联合实验室,非营利组织,50-150人,电子技术/半导体/集成电路,08-15
App 软件工程师,0.8-1万/月,潮州,广东金业环保建材有限公司,合资,,环保,08-15
软件工程师,1.8-2.2万/月,上海-浦东新区,雅科贝思精密机电（上海）有限公司,外资（非欧美）,500-1000人,电子技术/半导体/集成电路,08-15
产测软件工程师,1.5-2.5万/月,深圳-南山区,东莞市猎声电子科技有限公司,民营公司,150-500人,电子技术/半导体/集成电路,08-15
嵌入式软件工程师,0.8-1.2万/月,西安-碑林区,中航创世机器人（西安）有限公司,国企,50-150人,医疗设备/器械,08-15
嵌入式软件开发工程师,1.1-2万/月,河南省,南京图格医疗科技有限公司,民营公司,50-150人,医疗设备/器械,08-15
Java软件开发工程师,1-1.5万/月,武汉-东湖新技术产业开发区,武汉钧恒科技有限公司,民营公司,150-500人,通信/电信/网络设备,08-15
java软件工程师,1.7-2.3万/月,北京-丰台区,中建材信息技术股份有限公司,国企,500-1000人,计算机硬件,08-15
嵌入式软件工程师（单片机方向）,1-2万/月,上海-杨浦区,普奥云洲智能科技（上海）有限公司,民营公司,50-150人,计算机软件,08-15
软件工程师,2-3万/月,北京-海淀区,北京中科海讯数字科技股份有限公司,民营公司,,计算机软件,08-15
Linux软件工程师,0.8-1.5万/月,厦门,深圳市芯智科技有限公司,外资（非欧美）,150-500人,电子技术/半导体/集成电路,08-15
NAS协议软件开发工程师,20-40万/年,南京-江北新区,诺领科技（北京）有限公司,外资（欧美）,50-150人,电子技术/半导体/集成电路,08-15
软件工程师,6-8千/月,保山,云南蓝典科技股份有限公司,民营公司,50-150人,计算机软件,08-15
BMS软件工程师,1.5-2.3万/月,深圳-光明区,深圳市振邦智能科技股份有限公司,上市公司,1000-5000人,电子技术/半导体/集成电路,08-15
应用软件工程师,1.1-2万/月,上海-闵行区,南京立思辰智能设备有限公司,民营公司,50-150人,计算机硬件,08-15
嵌入式软件工程师,1.5-3万/月,杭州-余杭区,浙江东鼎电子股份有限公司,民营公司,50-150人,建筑/建材/工程,08-15
.net中级软件工程师,0.9-1.3万/月,成都-高新区,成都智慧农夫科技有限公司,民营公司,50-150人,电子技术/半导体/集成电路,08-15
软件开发工程师,1-2万/月,广州-天河区,广州市玄武无线科技股份有限公司,民营公司,500-1000人,计算机软件,08-15
应用软件工程师,20-40万/年,上海-浦东新区,上海琪埔维半导体有限公司,民营公司,50-150人,电子技术/半导体/集成电路,08-15
物联网软件工程师,1.5-2万/月,上海-浦东新区,三信国际电器上海有限公司,民营公司,150-500人,仪器仪表/工业自动化,08-15
软件工程师,0.7-1.2万/月,青岛-城阳区,科捷智能科技股份有限公司,民营公司,500-1000人,仪器仪表/工业自动化,08-15
上位机软件开发工程师,17-25万/年,宁波-北仑区,宁波维科新能源科技有限公司,民营公司,150-500人,新能源,08-15
高级软件工程师,1.5-2万/月,上海-静安区,上海帕利电子有限公司,民营公司,50-150人,通信/电信/网络设备,08-15
Java软件工程师（初级）,6-9千/月,西安-经济技术开发区,陕西集群物联网服务管理股份有限公司,民营公司,50-150人,互联网/电子商务,08-15
Linux QT软件工程师,1.5-2万/月,深圳-龙华区,深圳市优力特技术有限公司,民营公司,少于50人,新能源,08-15
嵌入式软件工程师,1-1.8万/月,上海-奉贤区,上海易矩汽车技术有限公司,合资,少于50人,汽车,08-15
软件工程师/Software Engineer,1.5-2万/月,广州,利邦（上海）服装贸易有限公司,外资（非欧美）,1000-5000人,贸易/进出口,08-15
FAE/软件工程师,1.5-2万/月,合肥-高新区,智坤（合肥）半导体有限公司,外资（非欧美）,少于50人,电子技术/半导体/集成电路,08-15
嵌入式软件工程师,0.8-1.6万/月,武汉-江汉区,庆兆民技术（武汉）有限公司,民营公司,少于50人,电子技术/半导体/集成电路,08-15
软件工程师,0.8-1万/月,杭州-余杭区,杭州迈伺特科技有限公司,民营公司,50-150人,机械/设备/重工,08-15
嵌入式软件开发工程师,1.5-2.5万/月,嘉兴-平湖市,盯盯拍（深圳）技术股份有限公司,民营公司,150-500人,互联网/电子商务,08-15
嵌入式软件工程师,0.8-1.2万/月,深圳-福田区,深圳为永电子科技有限公司,民营公司,少于50人,电子技术/半导体/集成电路,08-15
软件工程师,2.5-3.5万/月,北京-海淀区,北京超维景生物科技有限公司,民营公司,50-150人,医疗设备/器械,08-15
JAVA软件工程师,0.7-1.3万/月,惠州,惠州颐讯信息技术有限公司,合资,少于50人,计算机软件,08-15
单片机软件开发工程师,1-1.5万/月,苏州-高新区,苏州咖博士咖啡系统科技有限公司,民营公司,50-150人,机械/设备/重工,08-15
嵌入式软件工程师,0.6-1.2万/月,大连-甘井子区,辽宁新风企业集团大连亿特科技有限公司,民营公司,150-500人,汽车,08-15
嵌入式软件工程师,1.5-2万/月,深圳-南山区,伟易达电子产品（深圳）有限公司,外资（非欧美）,500-1000人,多元化业务集团公司,08-15
嵌入式软件工程师（智能硬件和物联网）,1.5-2.5万/月,上海-普陀区,上海凯融信息科技有限公司,外资（欧美）,150-500人,贸易/进出口,08-15
软件工程师,0.8-1.5万/月,廊坊,帆实（上海）能源科技有限公司廊坊分公司,民营公司,少于50人,电子技术/半导体/集成电路,08-15
嵌入式软件工程师,1.5-2万/月,武汉,武汉悠悠宜夏科技有限公司,民营公司,,计算机软件,08-15
嵌入式软件工程师,1-1.5万/月,上海-松江区,上海天臣微纳米科技股份有限公司,民营公司,150-500人,多元化业务集团公司,08-15
软件工程师（机器人方向）,5-8千/月,武汉-洪山区,中山赛伯坦智能科技有限公司,民营公司,少于50人,计算机软件,08-15
MCU（高级）软件工程师,1-1.8万/月,重庆,北斗星通智联科技有限责任公司,民营公司,1000-5000人,汽车,08-15
嵌入式软件工程师,1-1.5万/月,深圳-宝安区,深圳市声菲特科技技术有限公司,民营公司,50-150人,电子技术/半导体/集成电路,08-15
嵌入式软件工程师,1.5-2万/月,惠州,惠州市博实结科技有限公司,民营公司,1000-5000人,通信/电信/网络设备,08-15
嵌入式软件工程师,1.5-2万/月,珠海,广州大风科技有限公司,民营公司,,计算机软件,08-15
软件工程师,1-2万/月,武汉-江夏区,武汉国创科光电装备有限公司,事业单位,少于50人,通信/电信/网络设备,08-15
嵌入式软件工程师,1.5-2万/月,南京-六合区,南京首量医疗科技有限公司,民营公司,50-150人,医疗设备/器械,08-15
软件工程师（物联网方向）,1-1.5万/月,福州-闽侯县,福州三力厨房设备有限公司,民营公司,50-150人,机械/设备/重工,08-15
软件开发工程师,4-5万/月,南京-建邺区,江苏河海乾诚智能科技有限公司,民营公司,少于50人,电子技术/半导体/集成电路,08-15
嵌入式软件工程师（蓝牙）,1.5-2万/月,上海-浦东新区,上海兆煊微电子有限公司,民营公司,50-150人,电子技术/半导体/集成电路,08-15
嵌入式软件工程师,1.5-2.5万/月,深圳-宝安区,深圳市东信高科自动化设备有限公司,民营公司,50-150人,机械/设备/重工,08-15
应用软件工程师,1-1.8万/月,成都-郫都区,成都中世顺朗科技有限公司,民营公司,50-150人,电子技术/半导体/集成电路,08-15
手机软件工程师,1.5-2.5万/月,深圳-宝安区,深圳市鼎维尔科技有限公司,民营公司,50-150人,通信/电信/网络设备,08-15
嵌入式软件工程师,1.5-3万/月,深圳-南山区,联发科技股份有限公司,外资（非欧美）,1000-5000人,电子技术/半导体/集成电路,08-15
嵌入式软件工程师,1-1.5万/月,南京-六合区,南京欧陆电气股份有限公司,上市公司,50-150人,新能源,08-15
软件工程师-AGV,1.5-3万/月,昆山,华天科技（昆山）电子有限公司,民营公司,1000-5000人,电子技术/半导体/集成电路,08-15
自动化软件工程师,5-8千/月,东莞-寮步镇,东莞市手拉手智能装备有限公司,合资,少于50人,机械/设备/重工,08-15
嵌入式软件工程师,2-2.5万/月,深圳-宝安区,深圳市倚天科技开发有限公司,民营公司,50-150人,通信/电信/网络设备,08-15
3D图像软件开发工程师,1.8-2.5万/月,广州,广州创弘医疗科技有限公司,民营公司,50-150人,医疗设备/器械,08-15
软件开发工程师,0.8-1万/月,合肥-高新区,合肥英威晟光电科技有限公司,民营公司,少于50人,电子技术/半导体/集成电路,08-15
上位机软件工程师(c++),0.9-1.8万/月,上海-浦东新区,上海赛赛汽车技术服务有限公司,民营公司,500-1000人,汽车,08-15
软件工程师,1.5-2.2万/月,无锡,无锡英威腾电梯控制技术有限公司,民营公司,50-150人,仪器仪表/工业自动化,08-15
MCU/C/C++/嵌入式系统/软件工程师,1.5-2.5万/月,苏州-工业园区,上海扶丕悌软件有限公司,外资（非欧美）,10000人以上,计算机软件,08-15
软件工程师,1.5-2万/月,东莞,东莞宝鑫贸易有限公司,外资（欧美）,150-500人,家具/家电/玩具/礼品,08-15
BMS软件开发工程师,0.6-1万/月,上海-嘉定区,上海采日能源科技有限公司,民营公司,50-150人,新能源,08-15
JAVA软件工程师,1-1.5万/月,佛山-南海区,佛山市华全电气照明有限公司,民营公司,500-1000人,电子技术/半导体/集成电路,08-15
嵌入式软件工程师,0.8-1.3万/月,武汉-东湖新技术产业开发区,小驴机器人（武汉）有限公司,创业公司,少于50人,机械/设备/重工,08-15
软件工程师,2-2.5万/月,上海-松江区,上海诺盛企业发展有限公司,民营公司,50-150人,机械/设备/重工,08-15
上位机软件工程师,1-1.8万/月,深圳-龙华区,深圳市林工科技有限公司,民营公司,少于50人,仪器仪表/工业自动化,08-15
C++软件工程师,1.5-2万/月,广州-花都区,广州市航辉电子有限公司,民营公司,150-500人,电子技术/半导体/集成电路,08-15
BSP软件开发工程师,1.6-3.2万/月,北京-大兴区,合肥欣奕华智能机器有限公司,民营公司,500-1000人,仪器仪表/工业自动化,08-15
C++软件工程师（应届生）,6-8千/月,贵阳,西安中云联智能科技有限公司,民营公司,少于50人,计算机软件,08-15
C++软件工程师,1.5-2.5万/月,苏州-工业园区,苏州超擎图形软件科技发展有限公司,民营公司,50-150人,互联网/电子商务,08-15
软件工程师,2-2.5万/月,深圳-龙岗区,深圳中盈智联科技有限公司,民营公司,少于50人,电子技术/半导体/集成电路,08-15
医院临床信息化系统软件开发工程师,0.8-1.5万/月,成都-双流区,成都中领智能医疗产业发展股份有限公司,民营公司,少于50人,建筑/建材/工程,08-15
应用软件工程师,1.8-2.5万/月,上海-青浦区,先尼科化工（上海）有限公司\/先尼科化工（泰兴）有限公司,外资（非欧美）,500-1000人,石油/化工/矿产/地质,08-15
软件开发工程师,1-2万/月,佛山-南海区,佛山邑谷信息技术有限公司,民营公司,少于50人,计算机服务(系统、数据服务、维修),08-15
设备软件工程师,1.2-2万/月,深圳-坪山区,深圳清力技术有限公司,民营公司,,计算机软件,08-15
嵌入式高级软件工程师,2.5-3万/月,深圳-龙华区,深圳市格瑞普电池有限公司,民营公司,1000-5000人,新能源,08-15
软件开发工程师/Android+深圳急招,2-3万/月,深圳,深圳融梦空间智能科技有限公司,外资（欧美）,少于50人,计算机硬件,08-15
Linux软件工程师,1.8-3.5万/月,深圳-宝安区,深圳市三诺数字科技有限公司,民营公司,5000-10000人,电子技术/半导体/集成电路,08-15
单片机开发软件工程师,1-1.5万/月,深圳-南山区,深圳市利达泰克科技有限公司,民营公司,少于50人,仪器仪表/工业自动化,08-15
软件工程师（珠海）,0.8-1.2万/月,珠海-高栏港经济区,江龙船艇科技股份有限公司,上市公司,1000-5000人,机械/设备/重工,08-15
AUTOSAR软件工程师,1.5-3万/月,上海-长宁区,上海西井信息科技有限公司,民营公司,150-500人,交通/运输/物流,08-15
camera软件工程师,2.5-5万/月,深圳-福田区,荣耀终端有限公司,民营公司,5000-10000人,计算机软件,08-15
软件工程师,0.8-1万/月,无锡-江阴市,江阴精力汽车装备有限公司,民营公司,150-500人,机械/设备/重工,08-15
嵌入式软件开发工程师 (MJ000122),1.1-2万/月,合肥-高新区,上海移远通信技术股份有限公司,上市公司,1000-5000人,通信/电信/网络设备,08-15
嵌入式软件开发工程师,0.9-1.8万/月,青岛-城阳区,青岛明华电子仪器有限公司,民营公司,150-500人,环保,08-15
软件工程师,6-8千/月,合肥-滨湖新区,安徽跨球国际贸易有限公司,民营公司,50-150人,贸易/进出口,08-15
嵌入式软件工程师,1.5-2.5万/月,宁波-高新区,宁波向往智能科技有限公司,民营公司,150-500人,电子技术/半导体/集成电路,08-15
软件工程师上位机（组态）工程师,0.6-1万/月,合肥-蜀山区,南京昌讯信息科技有限公司,外资（非欧美）,50-150人,计算机软件,08-15
服务器端软件开发工程师,0.8-1.5万/月,广州-番禺区,广东奥莱敏控技术有限公司,合资,1000-5000人,电子技术/半导体/集成电路,08-15
嵌入式软件工程师（蓝牙）,1.5-2.5万/月,深圳-南山区,深湾创新技术（深圳）有限公司,民营公司,少于50人,医疗设备/器械,08-15
软件开发工程师（C#.net）,0.7-1万/月,上海-闵行区,上海齐炫信息科技有限公司,民营公司,50-150人,计算机软件,08-15
软件工程师,1-1.5万/月,西安-国家民用航天产业基地,陕西铭拓机电技术有限公司,民营公司,,电子技术/半导体/集成电路,08-15
软件工程师,5-6千/月,广州,广州市吉峰金属塑胶制品有限公司,民营公司,50-150人,通信/电信/网络设备,08-15
软件开发工程师（19/20/21届毕业生）,1-2万/月,广州-天河区,外资500强知名银行,外资（非欧美）,5000-10000人,计算机软件,08-15
嵌入式软件工程师,1.2-2万/月,深圳-龙华区,深圳市椿电子科技有限公司,民营公司,少于50人,电子技术/半导体/集成电路,08-15
JAVA软件工程师,0.8-1万/月,南京,南京纳贤软件科技有限公司,民营公司,50-150人,计算机软件,08-15
软件工程师,1-1.5万/月,上海,"Alpha & Omega Semiconductor Co., Ltd",外资（欧美）,1000-5000人,电子技术/半导体/集成电路,08-15
软件工程师,1-1.5万/月,东莞,东莞市天翔航天科技有限公司,民营公司,少于50人,计算机软件,08-15
蓝牙5.0mesh嵌入式软件工程师,2-3万/月,深圳-宝安区,智照科技（深圳）有限公司,民营公司,50-150人,电子技术/半导体/集成电路,08-15
控制软件工程师,0.6-1万/月,德阳,中久安特装备有限公司,民营公司,少于50人,机械/设备/重工,08-15
嵌入式软件工程师,1-2万/月,西安-雁塔区,西安寰星电子科技有限公司,民营公司,少于50人,电子技术/半导体/集成电路,08-15
前後端软件工程师,1-1.5万/月,长沙-开福区,佰裕行科技（深圳）有限公司,民营公司,50-150人,互联网/电子商务,08-15
嵌入式软件工程师,2-4万/月,苏州-相城区,清华大学苏州汽车研究院,事业单位,150-500人,汽车,08-15
Software Engineer/软件工程师（IT）,0.8-1万/月,无锡-无锡新区,菲尼萨光电通讯科技（无锡）有限公司,外资（欧美）,5000-10000人,电子技术/半导体/集成电路,08-15
软件开发工程师,5-7千/月,银川,北京同仁堂健康药业（宁夏）有限公司,国企,150-500人,制药/生物工程,08-15
嵌入式软件工程师,3.5-4.5万/月,深圳-南山区,深圳市道通科技股份有限公司,民营公司,1000-5000人,电子技术/半导体/集成电路,08-15
软件开发工程师,1-2万/月,深圳-光明区,毅丰显示科技（深圳）有限公司,外资（非欧美）,150-500人,电子技术/半导体/集成电路,08-15
手机软件开发工程师,1-2万/月,广州-黄埔区,广东利为网络科技有限公司,民营公司,少于50人,计算机软件,08-15
后端软件开发工程师,0.7-1.2万/月,西安-长安区,通号通信信息集团有限公司,国企,500-1000人,通信/电信/网络设备,08-15
助理级视觉软件工程师,0.6-1万/月,苏州-高新区,伯肯森自动化技术有限公司,民营公司,50-150人,仪器仪表/工业自动化,08-15
桌面软件工程师,1.5-2.5万/月,北京,北京旋极集团,上市公司,1000-5000人,计算机软件,08-15
单片机软件开发工程师,1-2万/月,深圳-宝安区,深圳市飞睿科技有限公司,民营公司,50-150人,电子技术/半导体/集成电路,08-15
WMS软件工程师,1.5-2万/月,上海-松江区,南通金予博信智能科技有限公司,民营公司,50-150人,机械/设备/重工,08-15
高级软件工程师,1.5-2.5万/月,苏州-高新区,苏州睿仟科技有限公司,民营公司,少于50人,医疗设备/器械,08-15
高级软件工程师,4.5-6千/月,哈尔滨,北大荒垦丰种业股份有限公司,国企,1000-5000人,农/林/牧/渔,08-15
软件工程师（嵌入式、单片机）,0.8-1.5万/月,南京-江宁区,上海冷溪安全科技有限公司,民营公司,少于50人,电子技术/半导体/集成电路,08-15
嵌入式软件工程师,1.5-3万/月,上海-普陀区,上海轻盈智能科技有限公司,民营公司,150-500人,互联网/电子商务,08-15
单片机软件工程师,0.8-1.5万/月,深圳-光明区,深圳市海鹏信电子股份有限公司,民营公司,500-1000人,电子技术/半导体/集成电路,08-15
嵌入式软件工程师,1.3-2.2万/月,杭州-滨江区,浙江泰林生物技术股份有限公司,民营公司,500-1000人,制药/生物工程,08-15
C++软件开发工程师 （上位机）,1-1.8万/月,南京-栖霞区,南京凌鸥创芯电子有限公司,民营公司,少于50人,电子技术/半导体/集成电路,08-15
嵌入式软件工程师,12-15万/年,成都-高新区,四川斯德博尔信息技术有限公司,民营公司,少于50人,计算机软件,08-15
嵌入式软件工程师,0.8-1.6万/月,成都-武侯区,成都市皓煊光电新材料科技研发中心有限公司,民营公司,少于50人,仪器仪表/工业自动化,08-15
软件开发工程师,4-6千/月,昆明-安宁市,昆明中燕信息技术有限公司,民营公司,少于50人,计算机软件,08-15
Android软件工程师,1.5-2万/月,上海-浦东新区,上海诺为电子科技有限公司,民营公司,50-150人,计算机软件,08-15
嵌入式电机驱动软件开发工程师,1.5-3.5万/月,上海,上海宏英智能科技股份有限公司,民营公司,150-500人,仪器仪表/工业自动化,08-15
手机软件开发工程师,1-2万/月,武汉-洪山区,武汉铂之锆信息技术有限公司,民营公司,少于50人,计算机软件,08-15
